idx,column,data_type,size,rowgroups_count,vectors_count,decompression_speed(cycles_per_value),compression_speed(cycles_per_value),
0,Air-pressure,double,16.69,10,93,6.70,15.05
1,Basel-temp,double,29.77,10,97,6.86,15.26
2,Basel-wind,double,30.97,10,97,6.84,15.34
3,Bird-migration,double,21.27,9,87,6.72,15.01
4,Bitcoin-price,double,26.17,1,6,6.74,15.04
5,Blockchain-tr,double,20.26,10,97,6.70,14.92
6,California,double,21.42,5,42,6.66,14.90
7,City-lat,double,21.49,5,40,6.67,14.92
8,City-lon,double,22.52,5,40,6.70,14.95
9,City-temp,double,10.76,10,97,6.58,14.87
10,Dew-point-temp,double,12.50,10,97,6.58,14.68
11,Food-price,double,19.11,10,97,7.17,16.25
12,IR-bio-temp,double,9.37,10,97,6.53,14.85
13,KPI_18fb,double,10.66,13,126,6.51,14.74
14,PM10-dust,double,8.95,10,91,6.50,14.42
15,SSD-bench,double,16.60,1,8,6.62,14.86
16,Stocks-DE,double,11.26,10,97,6.54,14.61
17,Stocks-UK,double,10.80,10,97,6.54,14.47
18,Stocks-USA,double,9.04,10,97,6.59,14.77
19,Wind-Speed,double,6.75,10,96,6.59,14.82
20,electric_vehicle_charging,double,11.09,1,3,6.57,14.69
21,exchange,double,19.09,1,7,6.67,14.85
22,hrl_load_metered,double,23.14,5,42,6.72,14.93
23,waveform_float,double,17.67,10,93,6.75,15.02
