dataset,records,operation,method,access_mode,range_length,queries,warmup_queries,baseline_warmup_full_decompressions,total_time_ms,avg_us,p50_us,p95_us,p99_us,stddev_us,cv_percent,queries_per_sec,saltplus_speedup_over_method_x,checksum
City-temp,100001,SUM,Camel,full_decompression,128,100,10,120,995.501500,9955.015000,9705.000000,11479.500000,14013.900000,940.583827,9.448,100.452,53.019045,741369.700000
City-temp,100001,SUM,Raw,raw_scan,128,100,10,120,0.086100,0.861000,0.800000,1.300000,1.900000,0.344933,40.062,1161440.186,0.004586,673245.800000
City-temp,100001,SUM,SALT+,indexed_local_aggregation,128,100,10,120,18.776300,187.763000,148.800000,254.200000,359.100000,270.604205,144.120,5325.863,1.000000,673245.800000
City-temp,100001,SUM,Camel,full_decompression,1024,100,10,120,990.307000,9903.070000,9666.000000,11323.800000,12897.800000,873.201268,8.817,100.979,15.671820,5602417.20000
City-temp,100001,SUM,Raw,raw_scan,1024,100,10,120,0.238900,2.389000,1.300000,3.700000,17.000000,6.227293,260.665,418585.182,0.003781,5471406.40000
City-temp,100001,SUM,SALT+,indexed_local_aggregation,1024,100,10,120,63.190300,631.903000,608.300000,999.000000,1115.000000,216.722262,34.297,1582.521,1.000000,5471406.40000
City-temp,100001,AVG,Camel,full_decompression,128,100,10,120,999.858900,9998.589000,9689.800000,11393.200000,16814.000000,1179.506215,11.797,100.014,61.629144,5547.30000000
City-temp,100001,AVG,Raw,raw_scan,128,100,10,120,0.098400,0.984000,0.900000,1.800000,2.300000,0.804950,81.804,1016260.163,0.006065,5259.73281250
City-temp,100001,AVG,SALT+,indexed_local_aggregation,128,100,10,120,16.223800,162.238000,141.300000,312.400000,399.900000,69.410569,42.783,6163.784,1.000000,5259.73281250
City-temp,100001,AVG,Camel,full_decompression,1024,100,10,120,981.803000,9818.030000,9619.800000,11444.300000,11750.100000,675.844445,6.884,101.853,14.740791,5367.71884766
City-temp,100001,AVG,Raw,raw_scan,1024,100,10,120,0.191600,1.916000,1.200000,3.700000,22.500000,3.087741,161.156,521920.668,0.002877,5343.17031250
City-temp,100001,AVG,SALT+,indexed_local_aggregation,1024,100,10,120,66.604500,666.045000,624.600000,988.700000,1250.500000,395.001063,59.305,1501.400,1.000000,5343.17031250
City-temp,100001,MIN,Camel,full_decompression,128,100,10,120,982.868000,9828.680000,9623.200000,11163.200000,11932.200000,609.381166,6.200,101.743,55.618192,-5437.40000000
City-temp,100001,MIN,Raw,raw_scan,128,100,10,120,0.137600,1.376000,1.200000,2.100000,5.900000,1.057083,76.823,726744.186,0.007786,-5128.10000000
City-temp,100001,MIN,SALT+,indexed_local_aggregation,128,100,10,120,17.671700,176.717000,155.200000,329.100000,507.900000,92.555621,52.375,5658.765,1.000000,-5128.10000000
City-temp,100001,MIN,Camel,full_decompression,1024,100,10,120,986.035700,9860.357000,9616.200000,11173.900000,11804.000000,678.871583,6.885,101.416,14.987600,-10623.6000000
City-temp,100001,MIN,Raw,raw_scan,1024,100,10,120,0.284700,2.847000,1.600000,4.900000,37.300000,5.195526,182.491,351246.927,0.004327,-10108.8000000
City-temp,100001,MIN,SALT+,indexed_local_aggregation,1024,100,10,120,65.790100,657.901000,606.600000,1058.700000,1254.400000,272.580394,41.432,1519.986,1.000000,-10108.8000000
City-temp,100001,MAX,Camel,full_decompression,128,100,10,120,981.009800,9810.098000,9675.800000,10722.400000,11469.400000,539.729234,5.502,101.936,61.065796,7925.50000000
City-temp,100001,MAX,Raw,raw_scan,128,100,10,120,0.161400,1.614000,1.100000,2.100000,21.000000,2.862692,177.366,619578.686,0.010047,7495.20000000
City-temp,100001,MAX,SALT+,indexed_local_aggregation,128,100,10,120,16.064800,160.648000,147.400000,251.600000,273.100000,53.944446,33.579,6224.790,1.000000,7495.20000000
City-temp,100001,MAX,Camel,full_decompression,1024,100,10,120,995.633300,9956.333000,9570.300000,11257.800000,13711.900000,1245.580876,12.510,100.439,15.468287,9319.00000000
City-temp,100001,MAX,Raw,raw_scan,1024,100,10,120,0.286600,2.866000,1.600000,4.500000,36.800000,5.952953,207.709,348918.353,0.004453,9097.20000000
City-temp,100001,MAX,SALT+,indexed_local_aggregation,1024,100,10,120,64.366100,643.661000,630.500000,982.600000,1112.500000,215.625640,33.500,1553.613,1.000000,9097.20000000
