dataset,records,operation,method,access_mode,range_length,queries,warmup_queries,total_time_ms,avg_us,p50_us,p95_us,p99_us,stddev_us,cv_percent,queries_per_sec,saltplus_speedup_over_method_x,checksum
City-temp,100001,SUM,Camel,full_decompression,128,100,10,1610.203600,16102.036000,15922.400000,21439.700000,25075.600000,3483.297591,21.633,62.104,92.148013,690933.000000
City-temp,100001,SUM,Raw,raw_scan,128,100,10,0.127800,1.278000,1.100000,2.800000,3.200000,0.710152,55.567,782472.613,0.007314,690933.000000
City-temp,100001,SUM,SALT+,indexed_local_aggregation,128,100,10,17.474100,174.741000,152.200000,275.500000,444.600000,67.194430,38.454,5722.755,1.000000,690933.000000
City-temp,100001,AVG,Camel,full_decompression,128,100,10,1663.041700,16630.417000,17079.500000,22219.000000,23831.800000,3534.017062,21.250,60.131,92.638757,5397.91406250
City-temp,100001,AVG,Raw,raw_scan,128,100,10,0.156700,1.567000,1.200000,3.900000,4.800000,1.057550,67.489,638162.093,0.008729,5397.91406250
City-temp,100001,AVG,SALT+,indexed_local_aggregation,128,100,10,17.951900,179.519000,160.400000,290.800000,477.100000,74.670623,41.595,5570.441,1.000000,5397.91406250
City-temp,100001,MIN,Camel,full_decompression,128,100,10,1627.809100,16278.091000,15949.100000,20808.500000,21815.400000,3015.139455,18.523,61.432,88.323400,-4176.70000000
City-temp,100001,MIN,Raw,raw_scan,128,100,10,0.214400,2.144000,1.500000,5.700000,7.200000,1.741225,81.214,466417.910,0.011633,-4176.70000000
City-temp,100001,MIN,SALT+,indexed_local_aggregation,128,100,10,18.430100,184.301000,173.500000,292.200000,539.600000,81.175549,44.045,5425.907,1.000000,-4176.70000000
City-temp,100001,MAX,Camel,full_decompression,128,100,10,1597.271200,15972.712000,15740.700000,20222.900000,20549.700000,2815.269773,17.625,62.607,86.879043,7787.70000000
City-temp,100001,MAX,Raw,raw_scan,128,100,10,0.251900,2.519000,1.500000,6.300000,15.200000,3.236563,128.486,396982.930,0.013701,7787.70000000
City-temp,100001,MAX,SALT+,indexed_local_aggregation,128,100,10,18.385000,183.850000,161.500000,301.200000,590.100000,88.212264,47.981,5439.217,1.000000,7787.70000000
