0,111.8
0,953.9
0,953.9
0,238.5
0,238.5
0,238.5
0,119.2
0,111.8
0,223.6
0,447.1
0,476.9
0,476.9
0,953.9
0,238.5
0,111.8
0,55.9
0,465.8
0,476.9
0,476.9
0,476.9
0,476.9
0,59.6
0,476.9
0,476.9
0,59.6
0,953.9
0,223.6
0,447.1
0,111.8
0,223.6
0,59.6
0,1900
0,238.5
0,476.9
0,953.9
0,476.9
0,238.5
0,119.2
0,953.9
0,29.8
0,111.8
0,223.6
0,447.1
0,894.3
0,223.6
0,447.1
0,29.8
0,59.6
0,29.8
0,119.2
0,238.5
0,476.9
0,59.6
0,238.5
0,119.2
0,238.5
0,476.9
0,119.2
0,238.5
0,238.5
0,29.8
0,111.8
0,55.9
0,29.8
0,59.6
0,107.1
0,111.8
0,37.3
0,51.2
0,238.5
0,119.2
0,238.5
0,59.6
0,111.8
0,223.6
0,119.2
0,238.5
0,476.9
0,953.9
0,238.5
0,238.5
0,59.6
0,119.2
0,119.2
0,119.2
0,238.5
0,238.5
0,476.9
0,119.2
0,476.9
0,119.2
0,238.5
0,238.5
0,476.9
0,476.9
0,931.5
0,59.6
0,111.8
0,111.8
0,55.9
0,55.9
0,111.8
0,59.6
0,93.2
0,111.8
0,111.8
0,223.6
0,111.8
0,1700
0,223.6
0,223.6
0,447.1
0,894.3
0,223.6
0,447.1
0,894.3
0,111.8
0,223.6
0,447.1
0,111.8
0,223.6
0,236
0,447.1
0,476.9
0,894.3
0,111.8
0,223.6
0,447.1
0,894.3
0,111.8
0,223.6
0,465.8
0,931.5
0,238.5
0,476.9
0,953.9
0,238.5
0,476.9
0,953.9
0,119.2
0,953.9
0,238.5
0,476.9
0,119.2
0,953.9
0,238.5
0,1900
0,476.9
0,119.2
0,238.5
0,119.2
0,238.5
0,476.9
0,1800
0,232.9
0,465.8
0,931.5
0,119.2
0,238.5
0,59.6
0,119.2
0,238.5
0,476.9
0,953.9
0,119.2
0,238.5
0,476.9
0,953.9
0,238.5
0,476.9
0,953.9
0,119.2
0,238.5
0,476.9
0,953.9
0,1900
0,238.5
0,3600
0,476.9
0,953.9
0,223.6
0,447.1
0,894.3
0,1900
0,238.5
0,476.9
0,953.9
0,119.2
0,238.5
0,476.9
0,953.9
0,119.2
0,476.9
0,119.2
0,119.2
0,238.5
0,111.8
0,111.8
0,223.6
0,223.6
0,447.1
0,223.6
0,447.1
0,111.8
0,119.2
0,119.2
0,238.5
0,238.5
0,28
0,55.9
0,238.5
0,119.2
0,30.1
0,119.2
0,119.2
0,953.9
0,238.5
0,476.9
0,119.2
0,238.5
0,476.9
0,59.6
0,119.2
0,1900
0,931.5
0,953.9
0,238.5
0,476.9
0,111.8
0,223.6
0,238.5
0,476.9
0,238.5
0,111.8
0,111.8
0,223.6
0,238.5
0,447.1
0,111.8
0,119.2
0,223.6
0,223.6
0,476.9
0,953.9
0,238.5
0,238.5
0,476.9
0,476.9
0,111.8
0,111.8
0,223.6
0,119.2
0,238.5
0,223.6
0,223.6
0,447.1
0,111.8
0,223.6
0,223.6
0,59.6
0,119.2
0,238.5
0,119.2
0,238.5
0,29.8
0,59.6
0,111.8
0,119.2
0,223.6
0,223.6
0,223.6
0,238.5
0,447.1
0,476.9
0,931.5
0,111.8
0,111.8
0,119.2
0,223.6
0,447.1
0,111.8
0,111.8
0,119.2
0,205
0,223.6
0,223.6
0,447.1
0,894.3
0,111.8
0,119.2
0,223.6
0,223.6
0,238.5
0,447.1
0,476.9
0,119.2
0,447.1
0,59.6
0,59.6
0,111.8
0,223.6
0,111.8
0,111.8
0,223.6
0,119.2
0,447.1
0,238.5
0,111.8
0,223.6
0,447.1
0,447.1
0,119.2
0,223.6
0,223.6
0,59.6
0,59.6
0,238.5
0,476.9
0,953.9
0,223.6
0,119.2
0,238.5
0,119.2
0,238.5
0,465.9
0,931.5
0,931.5
0,698.6
0,698.6
0,465.8
0,698.6
0,698.6
0,931.5
0,931.5
0,1800
0,2700
0,465.8
0,698.6
0,931.5
0,931.5
0,596
0,113
0,233.8
0,233.8
0,465.9
0,113
0,113
0,233.8
0,233.8
0,465.9
0,465.9
0,931.8
0,931.8
0,113
0,30.7
0,113
0,233.8
0,80.4
0,233.8
0,465.9
0,699.7
0,113
0,233.8
0,56.5
0,113
0,113
0,113
0,56.7
0,113
0,233.8
0,31.4
0,465.9
0,465.9
0,953.9
0,953.9
0,238.5
0,1900
0,476.9
0,931.5
0,1800
0,465.8
0,111.8
0,953.9
0,223.6
0,238.5
0,447.1
0,476.9
0,110
0,111.8
0,953.9
0,931.5
0,223.6
0,476.9
0,238.5
0,476.9
0,111.8
0,232.9
0,119.2
0,238.5
0,232.9
0,238.5
0,223.6
0,15
0,7.5
0,111.8
0,111.8
0,118
0,29.5
0,894.2
0,111.8
0,447.1
0,476.9
0,55.9
0,111.8
0,111.8
0,223.6
0,223.6
0,447.1
0,119.2
0,111.8
0,223.6
0,111.8
0,447.1
0,223.6
0,29.8
0,119.2
0,119.2
0,238.5
0,111.8
0,223.6
0,953.9
0,238.5
0,476.9
0,119.2
0,119.2
0,238.5
0,476.9
0,238.5
0,476.9
0,119.2
0,953.9
0,238.5
0,476.9
0,29.1
0,58.2
0,29.1
0,29.1
0,58.2
0,58.2
0,111.8
0,447.1
0,238.5
0,953.9
0,953.9
0,238.5
0,476.9
0,111.8
0,119.2
0,119.2
0,223.6
0,238.5
0,447.1
0,111.8
0,238.5
0,111.8
0,111.8
0,119.2
0,238.5
0,111.8
0,119.2
0,14.7
0,953.9
0,223.6
0,238.5
0,29.8
0,472
0,55.9
0,55.9
0,111.8
0,223.6
0,111.8
0,119.2
0,223.6
0,111.8
0,223.6
0,59.6
0,223.6
0,119.2
0,238.5
0,55.9
0,111.8
0,223.6
0,238.5
0,238.5
0,447.1
0,223.6
0,111.8
0,447.1
0,447.1
0,119.2
0,238.5
0,476.9
0,223.6
0,238.5
0,223.6
0,931.5
0,55.9
0,111.8
0,111.8
0,223.6
0,111.8
0,238.5
0,119.2
0,238.5
0,55.9
0,118
0,238.5
0,238.5
0,29.8
0,119.2
0,59.6
0,731.1
0,119.2
0,119.2
0,238.5
0,238.5
0,476.9
0,476.9
0,465.8
0,698.6
0,238.5
0,476.9
0,223.6
0,447.1
0,111.8
0,119.2
0,149
0,55.9
0,223.6
0,238.5
0,298.1
0,447.1
0,476.9
0,894.3
0,447.1
0,111.8
0,119.2
0,111.8
0,223.6
0,41.9
0,55.9
0,119.2
0,119.2
0,119.2
0,238.2
0,238.5
0,238.5
0,29.7
0,59.6
0,59.6
0,60.2
0,107
0,111.8
0,111.8
0,165.2
0,167.7
0,214.5
0,37.3
0,55.9
0,55.9
0,74.4
0,83.8
0,83.7
0,56.2
0,119.1
0,29.7
0,59.5
0,167.7
0,223.6
0,83.8
0,111.8
0,167.7
0,223.6
0,447.1
0,55.9
0,83.8
0,111.8
0,119.2
0,167.7
0,223.6
0,335.3
0,447.1
0,111.8
0,167.7
0,223.6
0,447.1
0,55.9
0,83.8
0,111.8
0,223.6
0,447.1
0,223.6
0,447.1
0,111.8
0,223.6
0,447.1
0,894.3
0,111.8
0,223.6
0,111.8
0,223.6
0,447.1
0,55.9
0,894.3
0,119.2
0,238.5
0,476.9
0,111.8
0,223.6
0,447.1
0,111.8
0,223.6
0,447.1
0,1700
0,223.6
0,447.1
0,894.3
0,931.5
0,1800
0,111.8
0,223.6
0,111.8
0,223.6
0,55.9
0,1800
0,3600
0,931.5
0,1800
0,3600
0,931.5
0,1800
0,931.5
0,1800
0,931.5
0,223.6
0,111.8
0,447.1
0,111.8
0,447.1
0,111.8
0,119.2
0,238.5
0,447.1
0,111.8
0,119.2
0,223.6
0,238.5
0,59.6
0,223.6
0,223.6
0,447.1
0,894.3
0,223.6
0,447.1
0,894.3
0,28
0,55.9
0,119.2
0,238.5
0,59.6
0,119.1
0,238.5
0,238.5
0,238.5
0,59.5
0,119.2
0,59.6
0,119.2
0,238.5
0,102.4
0,119.2
0,119.2
0,59.5
0,119.1
0,238.5
0,119.2
0,59.6
0,119.2
0,119.2
0,238.5
0,476.9
0,59.6
0,103.1
0,238.5
0,476.9
0,476.9
0,59.6
0,119.2
0,238.5
0,931.5
0,953.9
0,931.5
0,978.1
0,978.1
0,978.1
0,111.8
0,111.8
0,111.8
0,111.8
0,119.1
0,119.2
0,119.2
0,119.2
0,119.2
0,119.2
0,1900
0,223.6
0,223.6
0,223.6
0,232.9
0,232.9
0,232.9
0,232.9
0,232.9
0,232.9
0,238.5
0,238.5
0,238.5
0,238.5
0,238.5
0,256.2
0,256.2
0,256.2
0,447.1
0,447.1
0,447.1
0,465.8
0,465.8
0,465.8
0,465.8
0,465.8
0,476.9
0,476.9
0,476.9
0,476.9
0,489
0,489
0,489
0,489
0,29.8
0,59.6
0,698.6
0,698.6
0,894.3
0,894.3
0,931.5
0,119.2
0,119.2
0,232.9
0,238.5
0,238.5
0,476.9
0,476.9
0,114.5
0,119.2
0,119.2
0,931.5
0,465.8
0,232.9
0,238.5
0,68.4
0,107
0,931.5
0,1800
0,465.8
0,931.5
0,465.8
0,223.6
0,447.1
0,476.9
0,223.6
0,447.1
0,55.9
0,931.5
0,931.5
0,931.5
0,931.5
0,931.5
0,931.5
0,931.5
0,931.5
0,931.5
0,111.8
0,111.8
0,111.8
0,111.8
0,111.8
0,111.8
0,119.2
0,1800
0,1800
0,1800
0,1800
0,1800
0,1800
0,223.6
0,223.6
0,212.4
0,223.6
0,223.6
0,223.6
0,232.9
0,232.9
0,232.9
0,232.9
0,232.9
0,232.9
0,232.9
0,232.9
0,447.1
0,447.1
0,447.1
0,447.1
0,447.1
0,465.8
0,465.8
0,465.8
0,465.8
0,465.8
0,465.8
0,465.8
0,465.8
0,894.3
0,894.3
0,465.8
0,476.9
0,232.9
0,465.8
0,931.5
0,476.9
0,372.6
0,186.3
0,953.9
0,238.5
0,1500
0,2900
0,11600
0,29.1
0,111.8
0,238.5
0,223.6
0,93.2
0,186.3
0,223.6
0,236
0,447.1
0,111.8
0,111.8
0,223.6
0,223.6
0,447.1
0,931.5
0,238.5
0,953.9
0,1800
0,223.6
0,223.6
0,59.6
0,111.8
0,111.8
0,119.2
0,953.9
0,223.6
0,238.5
0,29.3
0,476.9
0,55.9
0,59.6
0,29.8
0,119.2
0,238.5
0,29.3
0,111.8
0,223.6
0,223.6
0,223.6
0,111.8
0,119.2
0,931.5
0,236
0,238.5
0,476.9
0,59.6
0,119.2
0,238.5
0,223.6
0,111.8
0,119.2
0,223.6
0,238.5
0,447.1
0,55.9
0,447.1
0,953.9
0,953.9
0,953.9
0,238.5
0,238.5
0,476.9
0,476.9
0,476.9
0,953.9
0,1900
0,476.9
0,476.9
0,476.9
0,953.9
0,111.8
0,111.8
0,111.8
0,111.8
0,223.6
0,111.8
0,223.6
0,447.1
0,476.9
0,232.9
0,447.1
0,223.6
0,476.9
0,186.3
0,111.8
0,119.2
0,59
0,111.8
0,223.6
0,223.6
0,447.1
0,894.3
0,238.5
0,476.9
0,111.8
0,111.8
0,111.8
0,223.6
0,111.8
0,223.6
0,111.8
0,223.6
0,111.8
0,111.8
0,953.9
0,953.9
0,953.9
0,476.9
0,476.9
0,476.9
0,953.9
0,38.3
0,38.3
0,9.8
0,19.5
0,76.7
0,19.7
0,76.7
0,74.5
0,149
0,149
0,38.3
0,76.7
0,76.7
0,75.7
0,232.9
0,232.9
0,223.6
0,111.8
0,223.6
0,447.1
0,223.6
0,447.1
0,111.8
0,223.6
0,167.7
0,223.6
0,119.2
0,238.5
0,223.6
0,476.9
0,111.8
0,447.1
0,119.2
0,119.2
0,119.2
0,119.2
0,238.5
0,223.6
0,55.9
0,55.9
0,111.8
0,111.8
0,119.2
0,223.6
0,111.8
0,119.2
0,119.2
0,223.6
0,238.5
0,238.5
0,238.5
0,59.6
0,119.2
0,111.8
0,232.9
0,111.8
0,111.8
0,55.9
0,335.3
0,111.8
0,29.5
0,59.6
0,111.8
0,223.6
0,931.5
0,111.8
0,119.2
0,223.6
0,238.5
0,238.5
0,447.1
0,476.9
0,894.3
0,223.6
0,1800
0,223.6
0,894.3
0,3600
0,465.8
0,931.5
0,111.8
0,111.8
0,119.2
0,223.6
0,238.5
0,29.3
0,476.9
0,57.6
0,59.6
0,29.1
0,59.4
0,119.2
0,476.9
0,59.6
0,111.8
0,238.5
0,238.5
0,119.2
0,223.6
0,111.8
0,223.6
0,223.6
0,447.1
0,476.9
0,238.5
0,111.8
0,238.5
0,111.8
0,119.2
0,238.5
0,238.5
0,223.6
0,119.2
0,111.8
0,931.5
0,223.6
0,68.4
0,136.7
0,68.5
0,136.7
0,279.4
0,37.3
0,27.9
0,33.7
0,37.3
0,37.3
0,30.3
0,37.3
0,37.3
0,37.3
0,29.4
0,55.9
0,55.9
0,55.9
0,55.9
0,52
0,74.5
0,70.3
0,74.5
0,74.5
0,24.4
0,74.5
0,93.2
0,37.2
0,37.3
0,16.2
0,19.5
0,55.9
0,19.5
0,55.9
0,51.1
0,55.9
0,60.8
0,74.5
0,7.9
0,27.9
0,74.5
0,74.5
0,74.5
0,74.5
0,74.5
0,93.2
0,63
0,93.2
0,93.2
0,93.2
0,111.8
0,104.9
0,106.1
0,142.7
0,149
0,74.4
0,177
0,92.9
0,37.3
0,55.9
0,74.5
0,69.1
0,73.1
0,64.8
0,83.8
0,93.2
0,111.8
0,111.7
0,111.8
0,98.4
0,99.2
0,136.4
0,149
0,40.9
0,136.4
0,148.9
0,149
0,232.9
0,170.9
0,279.5
0,55.9
0,39.1
0,74.5
0,111.7
0,149
0,186.3
0,226
0,74.5
0,74.4
0,110.8
0,111.8
0,149
0,149
0,232.9
0,232.9
0,232.8
0,232.9
0,298.1
0,298.1
0,360.5
0,465.8
0,74.5
0,149
0,149
0,232.9
0,100
0,465.8
0,9.5
0,119.2
0,238.5
0,238.5
0,59.6
0,111.8
0,381.8
0,391.1
0,165.8
0,223.6
0,223.6
0,111.8
0,111.8
0,223.6
0,447.1
0,223.6
0,447.1
0,111.8
0,111.8
0,223.6
0,111.8
0,111.8
0,223.6
0,111.8
0,223.6
0,447.1
0,149
0,232.9
0,465.8
0,465.8
0,698.6
0,931.5
0,238.5
0,111.8
0,111.8
0,223.6
0,223.6
0,55.9
0,111.8
0,223.6
0,447.1
0,223.6
0,447.1
0,223.6
0,223.6
0,223.6
0,111.8
0,57.6
0,115.2
0,115.2
0,115.3
0,58.2
0,116.5
0,57.6
0,57.6
0,118.6
0,115.3
0,57.7
0,115.2
0,58.5
0,117
0,111.8
0,111.8
0,223.6
0,447.1
0,931.5
0,1800
0,238.5
0,476.9
0,931.5
0,1800
0,465.8
0,931.5
0,1800
0,953.9
0,476.9
0,476.9
0,465.8
0,476.9
0,953.9
0,119.2
0,238.5
0,476.9
0,238.5
0,476.9
0,953.9
0,111.8
0,223.6
0,223.6
0,238.5
0,447.1
0,119.2
0,238.5
0,238.5
0,119.2
0,238.5
0,111.8
0,119.2
0,111.8
0,111.8
0,223.6
0,119.2
0,119.2
0,29.3
0,111.8
0,111.8
0,223.6
0,55.9
0,111.8
0,223.6
0,55.9
0,111.8
0,223.6
0,223.6
0,447.1
0,150
0,111.8
0,223.6
0,119.2
0,119.4
0,119.2
0,238.5
0,59.6
0,119.1
0,59.5
0,111.8
0,111.8
0,55.9
0,74.5
0,111.8
0,111.8
0,223.6
0,223.6
0,223.6
0,447.2
0,234.4
0,238.5
0,476.9
0,111.8
0,223.6
0,55.9
0,238.5
0,119.2
0,953.9
0,953.9
0,119.2
0,119.2
0,119.2
0,119.2
0,119.2
0,119.2
0,237.5
0,238.5
0,238.5
0,238.5
0,238.5
0,238.5
0,238.5
0,238.5
0,238.5
0,476.9
0,476.9
0,476.9
0,476.9
0,476.9
0,476.9
0,476.9
0,953.9
0,953.9
0,29.8
0,29.8
0,59.6
0,111.8
0,111.8
0,119.2
0,119.2
0,119.2
0,119.2
0,119.2
0,119.2
0,119.2
0,119.2
0,119.2
0,119.2
0,119.2
0,119.2
0,238.5
0,119.2
0,119.2
0,119.2
0,119.2
0,119.2
0,119.2
0,119.2
0,119.2
0,232.9
0,232.9
0,232.9
0,232.9
0,232.9
0,232.9
0,238.5
0,238.5
0,238.5
0,238.5
0,238.5
0,238.5
0,238.5
0,238.5
0,238.5
0,238.5
0,238.5
0,238.5
0,238.5
0,238.5
0,238.5
0,238.5
0,238.5
0,238.5
0,465.8
0,465.8
0,476.9
0,476.9
0,476.9
0,476.9
0,476.9
0,476.9
0,298.1
0,465.8
0,2700
0,3600
0,7300
0,3600
0,298.1
0,298.1
0,931.5
0,298.1
0,465.8
0,931.5
0,931.5
0,931.5
0,931.5
0,931.5
0,931.5
0,931.5
0,931.5
0,465.8
0,596.2
0,698.6
0,698.6
0,698.6
0,698.6
0,698.6
0,698.6
0,1400
0,232.9
0,298.1
0,298.1
0,298.1
0,298.1
0,298.1
0,465.8
0,465.8
0,465.8
0,465.8
0,465.8
0,465.8
0,465.8
0,465.8
0,465.8
0,465.8
0,931.5
0,931.5
0,931.5
0,931.5
0,465.8
0,698.6
0,698.6
0,232.9
0,298.1
0,298.1
0,298.1
0,298.1
0,298.1
0,465.8
0,298.1
0,465.8
0,465.8
0,465.8
0,465.8
0,465.8
0,465.8
0,465.8
0,558.9
0,7300
0,7300
0,1800
0,1800
0,3600
0,1800
0,745.2
0,931.5
0,465.8
0,33.2
0,18.6
0,25.9
0,19.5
0,55.9
0,15.6
0,37.3
0,55.9
0,69.5
0,149
0,232.9
0,298.1
0,149
0,232.9
0,465.8
0,465.8
0,465.8
0,232.9
0,232.9
0,298.1
0,465.8
0,465.8
0,465.8
0,931.5
0,931.5
0,232.9
0,298.1
0,465.8
0,298.1
0,931.5
0,465.3
0,465.8
0,232.9
0,372.6
0,149
0,111.8
0,223.6
0,232.8
0,931.5
0,931.5
0,465.8
0,596.2
0,149
0,69.3
0,149
0,149
0,30.3
0,232.8
0,232.9
0,298.1
0,102.8
0,298.1
0,298.1
0,200.2
0,372.6
0,48.8
0,465.8
0,465.8
0,465.8
0,270.4
0,465.8
0,465.8
0,250
0,931.5
0,931.5
0,465.7
0,465.8
0,1400
0,1800
0,1800
0,2700
0,2700
0,931.5
0,931.5
0,931.3
0,931.5
0,931.5
0,931.5
0,931.5
0,931.5
0,931.5
0,931.5
0,149
0,149
0,97.7
0,149
0,931.5
0,232.8
0,232.9
0,232.8
0,298.1
0,298.1
0,298.1
0,465.8
0,465.8
0,465.7
0,465.8
0,465.8
0,465.8
0,465.8
0,465.8
0,465.8
0,596.2
0,596.2
0,698.6
0,698.6
0,698.5
0,688.9
0,698.6
0,698.6
0,111.8
0,78.1
0,149
0,149
0,149.1
0,149
0,149
0,78.2
0,74.5
0,74.5
0,76.7
0,74.5
0,1800
0,1800
0,1800
0,1800
0,115
0,19.5
0,54.7
0,115
0,153.4
0,153.4
0,153.4
0,153.4
0,232.9
0,232.9
0,232.9
0,17.5
0,38.3
0,32.5
0,57.3
0,76.7
0,76.7
0,76.7
0,1400
0,1400
0,1800
0,1800
0,1800
0,1800
0,1800
0,1800
0,2700
0,97.6
0,2700
0,3600
0,186.3
0,372.6
0,244.1
0,465.8
0,465.8
0,465.8
0,37.3
0,38.3
0,70.5
0,74.5
0,74.5
0,74.5
0,76.7
0,931.5
0,931.5
0,149
0,149
0,931.5
0,232.9
0,232.9
0,298.1
0,58.6
0,298.1
0,97.7
0,298.1
0,244.1
0,465.8
0,465.8
0,596.2
0,596.2
0,596.2
0,698.6
0,341.8
0,698.6
0,145.2
0,149
0,153.4
0,78.1
0,148.9
0,186.3
0,48.8
0,186.3
0,232.9
0,218.6
0,232.9
0,232.9
0,232.9
0,232.9
0,232.9
0,232.9
0,298.1
0,298.1
0,298.1
0,298.1
0,372.6
0,362.9
0,372.6
0,195.3
0,465.8
0,465.8
0,465.8
0,76.4
0,37.3
0,52
0,55.9
0,298.1
0,93.1
0,232.9
0,93.2
0,111.8
0,78.1
0,16.4
0,25
0,55.9
0,24.5
0,74.5
0,27.9
0,17.6
0,37.3
0,931.5
0,93.2
0,93.2
0,37.3
0,37.3
0,55.9
0,51.4
0,55.9
0,596.2
0,698.6
0,74.5
0,68.4
0,73.1
0,111.8
0,53.2
0,30.2
0,44.7
0,74.5
0,53.6
0,93.2
0,111.8
0,70.8
0,106.7
0,111.8
0,111.8
0,108.8
0,149
0,149
0,149
0,18.6
0,37.3
0,49.9
0,55.9
0,67.4
0,74.5
0,74.5
0,111.8
0,53.8
0,111.8
0,139.2
0,149
0,149
0,186.3
0,224
0,232.9
0,232.9
0,55.9
0,74.5
0,51.3
0,74.5
0,111.8
0,31.2
0,111.8
0,15.6
0,149
0,103.9
0,149
0,149
0,149
0,142.8
0,149
0,232.9
0,232.9
0,232.9
0,232.9
0,232.9
0,232.9
0,31.7
0,232.9
0,298.1
0,298.1
0,298.1
0,298.1
0,298.1
0,298.1
0,31.9
0,298.1
0,74.5
0,74.5
0,111.8
0,149
0,149
0,149
0,31.9
0,232.9
0,232.9
0,232.9
0,232.9
0,232.9
0,232.9
0,232.9
0,298.1
0,298.1
0,298.1
0,47.2
0,298.1
0,298.1
0,298.1
0,40.9
0,298.1
0,465.8
0,465.8
0,457
0,465.8
0,465.8
0,201.6
0,465.8
0,465.3
0,465.8
0,465.8
0,465.8
0,465.8
0,465.8
0,465.8
0,596.2
0,596.2
0,698.6
0,698.6
0,34.5
0,37.3
0,55.9
0,17.7
0,74.5
0,65.2
0,93.2
0,93.2
0,55.9
0,55.8
0,698.6
0,74.5
0,23.4
0,74.5
0,93.2
0,111.7
0,111.8
0,39.1
0,149
0,149
0,186.3
0,186.3
0,69.8
0,186.3
0,40.1
0,74.5
0,74.5
0,149
0,149
0,71.1
0,148.9
0,149
0,232.9
0,232.9
0,232.9
0,232.9
0,232.9
0,226.9
0,232.9
0,298.1
0,298.1
0,298.1
0,282.9
0,298.1
0,287.8
0,148.9
0,298.1
0,74.5
0,149
0,149
0,222
0,232.9
0,220.2
0,232.9
0,298.1
0,297.8
0,280.5
0,298.1
0,298.1
0,298.1
0,298.1
0,298.1
0,465.8
0,465.8
0,465.8
0,465.8
0,451.1
0,465.8
0,465.8
0,55.9
0,6.6
0,465.8
0,465.8
0,465.8
0,596.2
0,698.6
0,698.6
0,698.6
0,931.5
0,931.5
0,465.8
0,698.6
0,931.5
0,931.4
0,931.5
0,931.5
0,1800
0,1800
0,1800
0,1800
0,465.8
0,1800
0,1800
0,1800
0,1800
0,2700
0,136.7
0,136.7
0,279.4
0,279.4
0,419.2
0,279.4
0,419.2
0,558.9
0,1800
0,2700
0,119.2
0,59.6
0,1100
0,136.7
0,74.5
0,149
0,149
0,232.9
0,465.8
0,698.6
0,931.5
0,465.8
0,372.6
0,111.8
0,953.9
0,232.9
0,465.8
0,953.9
0,953.9
0,238.5
0,476.9
0,953.9
0,1800
0,476.9
0,111.8
0,111.8
0,223.6
0,223.6
0,111.8
0,111.8
0,223.6
0,111.8
0,111.8
0,931.5
0,232.9
0,232.9
0,231.9
0,465.8
0,119.2
0,119.2
0,953.9
0,238.5
0,476.9
0,238.5
0,3600
0,115.5
0,238.5
0,111.8
0,223.6
0,447.1
0,894.3
0,447.1
0,238.5
0,953.9
0,476.9
0,476.9
0,953.9
0,953.9
0,238.5
0,476.9
0,119.2
0,238.5
0,476.9
0,119.2
0,238.5
0,953.9
0,953.9
0,1900
0,238.5
0,476.9
0,476.9
0,953.9
0,223.6
0,238.5
0,476.9
0,29.1
0,29.1
0,29.1
0,58.2
0,58.2
0,58.2
0,116.5
0,111.8
0,111.8
0,119.2
0,223.6
0,111.8
0,223.6
0,447.1
0,111.8
0,223.6
0,13.3
0,42.9
0,18.6
0,18.6
0,27.9
0,27.9
0,35.9
0,37.3
0,5.9
0,37.3
0,55.9
0,27.9
0,74.5
0,27.9
0,38.3
0,38.3
0,10
0,38.3
0,37.3
0,57.3
0,57.3
0,74.5
0,74.5
0,111.8
0,115
0,115
0,19
0,21.4
0,29.8
0,3.8
0,115.5
0,111.8
0,55.9
0,118
0,238.5
0,476.9
0,238.5
0,476.9
0,476.9
0,953.9
0,238.5
0,238.5
0,119.2
0,953.9
0,238.5
0,476.9
0,119.2
0,119.2
0,953.9
0,238.5
0,238.5
0,476.9
0,119.2
0,238.5
0,953.9
0,238.5
0,238.5
0,476.9
0,111.8
0,3.9
0,7.5
0,119.2
0,29.8
0,29.8
0,115.5
0,231
0,111.8
0,223.6
0,238.5
0,476.9
0,149
0,119.2
0,59.6
0,111.8
0,167.7
0,223.6
0,167.7
0,223.6
0,28
0,83.8
0,119.2
0,953.9
0,238.5
0,476.9
0,223.6
0,447.1
0,1100
0,1800
0,372.6
0,1100
0,1800
0,1100
0,1800
0,372.6
0,745.2
0,1500
0,745.2
0,1500
0,238.5
0,476.9
0,953.9
0,953.9
0,260.8
0,447.1
0,447.1
0,894.3
0,953.9
0,476.9
0,476.9
0,476.9
0,110.3
0,54.9
0,349.3
0,74.5
0,18.6
0,22.4
0,111.8
0,111.8
0,149
0,149
0,149
0,238.5
0,279.5
0,279.5
0,279.5
0,37.3
0,37.3
0,476.9
0,558.9
0,74.5
0,74.5
0,111.8
0,223.6
0,55.9
0,74.5
0,111.8
0,232.8
0,111.8
0,111.8
0,111.8
0,167.7
0,167.7
0,223.6
0,223.6
0,447.1
0,447.1
0,55.9
0,111.8
0,55.9
0,111.8
0,167.7
0,223.6
0,167.7
0,223.6
0,238.5
0,335.3
0,52.2
0,167.7
0,223.6
0,238.5
0,335.3
0,447.1
0,119.2
0,119.2
0,238.5
0,476.9
0,953.9
0,1900
0,476.9
0,279.5
0,1100
0,372.6
0,745.2
0,119.2
0,953.9
0,238.5
0,1900
0,476.9
0,119.2
0,238.5
0,476.9
0,3600
0,111.8
0,149
0,223.6
0,279.5
0,316.7
0,447.1
0,558.9
0,745.2
0,74.5
0,447.1
0,74.5
0,447.1
0,186.3
0,372.5
0,745.2
0,93.2
0,745.2
0,372.6
0,745.2
0,111.8
0,111.8
0,119.2
0,119.2
0,1800
0,119.2
0,238.5
0,1800
0,54.9
0,110.3
0,953.9
0,238.5
0,953.9
0,953.9
0,1900
0,476.9
0,476.9
0,953.9
0,953.9
0,1900
0,238.5
0,476.9
0,476.9
0,354
0,238.5
0,111.8
0,167.7
0,167.7
0,223.6
0,223.6
0,447.1
0,111.8
0,167.7
0,223.6
0,238.5
0,335.3
0,335.3
0,447.1
0,476.9
0,167.7
0,223.6
0,238.5
0,335.3
0,476.9
0,119.2
0,238.5
0,238.5
0,476.9
0,119.2
0,953.9
0,238.5
0,335.3
0,476.9
0,953.9
0,238.5
0,476.9
0,372.6
0,139.7
0,223.6
0,279.5
0,167.7
0,167.7
0,223.6
0,1700
0,223.6
0,223.6
0,447.1
0,447.1
0,894.3
0,238.5
0,335.3
0,476.9
0,447.1
0,119.2
0,111.8
0,111.8
0,238.5
0,111.8
0,223.6
0,111.8
0,111.8
0,149
0,149
0,74.5
0,29.8
0,111.7
0,149
0,37.3
0,74.5
0,111.8
0,223.6
0,447.1
0,223.6
0,223.6
0,447.1
0,111.8
0,119.2
0,119.2
0,223.6
0,238.5
0,476.9
0,111.8
0,119.2
0,223.6
0,238.5
0,447.1
0,476.9
0,953.9
0,111.8
0,118
0,223.6
0,238.5
0,447.1
0,472
0,894.3
0,238.5
0,238.5
0,111.8
0,119.2
0,223.6
0,238.5
0,476.9
0,119.2
0,114.6
0,238.5
0,111.8
0,119.2
0,238.5
0,223.6
0,223.6
0,238.5
0,476.9
0,238.5
0,476.9
0,111.8
0,111.8
0,223.6
0,111.8
0,109.9
0,223.6
0,447.1
0,894.3
0,111.8
0,119.2
0,238.5
0,476.9
0,953.9
0,111.8
0,111.8
0,223.6
0,223.6
0,223.6
0,223.6
0,238.5
0,447.1
0,476.9
0,894.3
0,111.8
0,223.6
0,447.1
0,476.9
0,447.1
0,60.2
0,119.2
0,111.8
0,476.9
0,119.2
0,238.5
0,476.9
0,119.2
0,238.5
0,476.9
0,119.2
0,119.2
0,238.5
0,238.5
0,476.9
0,476.9
0,119.2
0,238.5
0,476.9
0,119.2
0,119.2
0,119.2
0,119.2
0,953.9
0,953.9
0,238.5
0,238.5
0,238.5
0,238.5
0,476.9
0,476.9
0,476.9
0,476.9
0,238.5
0,476.9
0,119.2
0,119.2
0,953.9
0,238.5
0,238.5
0,476.9
0,476.9
0,119.2
0,119.2
0,953.9
0,238.5
0,476.9
0,476.9
0,476.9
0,111.8
0,111.8
0,119.2
0,238.5
0,119.2
0,238.5
0,111.8
0,111.8
0,119.2
0,931.5
0,238.5
0,476.9
0,111.8
0,223.6
0,111.8
0,223.6
0,59.6
0,111.8
0,111.8
0,223.6
0,119.2
0,223.6
0,14.7
0,111.8
0,55.9
0,111.8
0,111.8
0,931.5
0,223.6
0,223.6
0,447.1
0,447.1
0,111.8
0,223.6
0,238.5
0,476.9
0,111.8
0,111.8
0,223.6
0,447.1
0,111.8
0,111.8
0,223.6
0,223.6
0,55.9
0,111.8
0,223.6
0,119.2
0,223.6
0,238.5
0,28
0,29.8
0,447.1
0,476.9
0,55.9
0,59.6
0,953.9
0,238.5
0,476.9
0,111.8
0,111.8
0,118
0,223.6
0,223.6
0,29.5
0,447.1
0,59.6
0,118
0,111.8
0,59
0,29.8
0,118
0,55.9
0,59
0,111.8
0,119.2
0,238.5
0,476.9
0,59
0,29.5
0,118
0,236
0,111.8
0,59.2
0,30
0,29.8
0,28
0,59
0,238.5
0,14.6
0,29.8
0,111.8
0,223.6
0,111.8
0,111.8
0,223.6
0,447.1
0,83.7
0,447.1
0,111.8
0,223.6
0,223.6
0,447.1
0,111.8
0,223.6
0,167.7
0,223.6
0,111.8
0,55.9
0,223.6
0,111.8
0,223.6
0,447.1
0,55.9
0,223.6
0,29.1
0,57
0,238.5
0,476.9
0,953.9
0,953.9
0,476.9
0,476.9
0,476.9
0,476.9
0,119.2
0,238.5
0,476.9
0,238.5
0,238.5
0,238.5
0,476.9
0,476.9
0,476.9
0,476.9
0,111.8
0,119.2
0,119.2
0,119.2
0,223.6
0,238.5
0,119.2
0,55.9
0,119.2
0,238.5
0,119.2
0,238.5
0,238.5
0,119.2
0,59.6
0,119.2
0,119.2
0,238.5
0,119.2
0,119.2
0,238.5
0,55.9
0,59.6
0,119.2
0,238.5
0,238.5
0,119.2
0,119.2
0,238.5
0,238.5
0,55.9
0,59.6
0,89.4
0,119.2
0,119.2
0,119.2
0,119.2
0,238.5
0,238.5
0,238.5
0,238.5
0,476.9
0,476.9
0,119.2
0,119.2
0,119.2
0,238.5
0,238.5
0,238.5
0,238.5
0,476.9
0,476.9
0,476.9
0,476.9
0,119.2
0,119.2
0,238.5
0,238.5
0,476.9
0,119.2
0,119.2
0,119.2
0,238.5
0,476.9
0,119.2
0,28.5
0,223.6
0,447.1
0,894.3
0,931.5
0,232.9
0,465.8
0,232.9
0,465.8
0,111.8
0,238.5
0,223.6
0,447.1
0,111.8
0,223.6
0,447.1
0,111.8
0,1700
0,223.6
0,223.6
0,447.1
0,223.6
0,447.1
0,223.6
0,447.1
0,447.1
0,894.3
0,111.8
0,223.6
0,447.1
0,447.1
0,1800
0,931.5
0,465.8
0,223.6
0,111.8
0,223.6
0,447.1
0,83.8
0,223.6
0,447.1
0,111.8
0,223.6
0,447.1
0,111.8
0,223.6
0,111.8
0,223.6
0,447.1
0,894.3
0,111.8
0,223.6
0,447.1
0,223.6
0,447.1
0,894.3
0,111.8
0,223.6
0,447.1
0,931.5
0,1800
0,232.9
0,465.8
0,931.5
0,1800
0,232.9
0,465.8
0,1900
0,953.9
0,476.9
0,111.8
0,167.7
0,223.6
0,447.1
0,55.9
0,223.6
0,111.8
0,55.9
0,119.2
0,953.9
0,238.5
0,476.9
0,953.9
0,1900
0,238.5
0,476.9
0,238.5
0,111.8
0,223.6
0,111.8
0,223.6
0,447.1
0,29.8
0,59.6
0,22.4
0,111.8
0,223.6
0,28
0,55.9
0,111.8
0,55.9
0,119.2
0,119.2
0,119.1
0,119.2
0,59.6
0,59.6
0,59.6
0,119.2
0,238.5
0,476.9
0,59.5
0,931.5
0,931.5
0,1800
0,1800
0,232.9
0,465.8
0,465.8
0,465.8
0,111.8
0,223.6
0,447.1
0,28
0,238.5
0,59.5
0,111.8
0,55.9
0,59.6
0,119.2
0,111.8
0,111.8
0,111.8
0,223.6
0,447.1
0,223.6
0,111.8
0,111.8
0,111.8
0,223.6
0,223.6
0,223.6
0,447.1
0,447.1
0,894.3
0,111.8
0,223.6
0,447.1
0,111.8
0,223.6
0,447.1
0,894.3
0,111.8
0,223.6
0,447.1
0,111.8
0,223.6
0,447.1
0,119.2
0,238.5
0,29.7
0,59.6
0,119.2
0,238.5
0,59.5
0,119.2
0,223.6
0,111.8
0,111.8
0,111.8
0,223.6
0,465.8
0,118
0,111.8
0,111.8
0,223.6
0,223.6
0,447.1
0,223.6
0,447.1
0,55.9
0,55.9
0,111.8
0,223.6
0,447.1
0,55.9
0,894.3
0,119.2
0,59.5
0,238.5
0,476.9
0,59.6
0,89.4
0,89.4
0,238.5
0,59.6
0,111.8
0,100.7
0,223.6
0,447.1
0,111.8
0,111.8
0,223.6
0,238.5
0,55.9
0,83.8
0,83.8
0,223.6
0,55.9
0,28.5
0,58.3
0,931.5
0,465.8
0,465.8
0,931.5
0,223.6
0,447.1
0,931.5
0,238.5
0,223.6
0,953.9
0,238.5
0,476.9
0,111.8
0,223.6
0,447.1
0,476.9
0,111.8
0,223.6
0,223.6
0,238.5
0,476.9
0,223.6
0,119.2
0,476.9
0,59.6
0,1900
0,1900
0,953.9
0,953.9
0,1900
0,476.9
0,476.9
0,953.9
0,953.9
0,953.9
0,238.5
0,238.5
0,476.9
0,476.9
0,476.9
0,1900
0,953.9
0,238.5
0,476.9
0,476.9
0,1900
0,953.9
0,476.9
0,111.8
0,111.8
0,232.9
0,238.5
0,476.9
0,476.9
0,476.9
0,111.8
0,111.8
0,119.2
0,931.5
0,223.6
0,232.9
0,238.5
0,447.1
0,465.8
0,476.9
0,111.8
0,119.2
0,223.6
0,238.5
0,447.1
0,476.9
0,111.8
0,223.6
0,447.1
0,119.2
0,119.2
0,238.5
0,238.5
0,119.2
0,238.5
0,238.5
0,476.9
0,476.9
0,238.5
0,476.9
0,119.2
0,238.5
0,238.5
0,476.9
0,476.9
0,29.8
0,29.8
0,119.2
0,119.2
0,238.5
0,238.5
0,476.9
0,476.9
0,59.6
0,119.2
0,119.2
0,238.5
0,238.5
0,119.2
0,119.2
0,119.2
0,119.2
0,119.2
0,238.5
0,238.5
0,476.9
0,476.9
0,476.9
0,119.2
0,119.2
0,119.2
0,238.5
0,238.5
0,238.5
0,476.9
0,119.2
0,238.5
0,476.9
0,238.5
0,238.5
0,476.9
0,119.2
0,119.2
0,119.2
0,119.2
0,238.5
0,238.5
0,476.9
0,119.2
0,238.5
0,238.5
0,238.5
0,476.9
0,238.5
0,238.5
0,476.9
0,476.9
0,953.9
0,223.6
0,119.2
0,119.2
0,149
0,238.4
0,238.5
0,238.5
0,238.5
0,29.8
0,74.5
0,74.5
0,74.5
0,74.5
0,119.2
0,59.6
0,119.2
0,119.2
0,119.2
0,119.2
0,238.5
0,238.5
0,238.5
0,59.6
0,55.9
0,119.2
0,119.2
0,119.2
0,238.5
0,59.6
0,238.5
0,238.5
0,238.5
0,119.2
0,119.2
0,119.2
0,119.2
0,119.2
0,119.2
0,119.2
0,119.2
0,119.2
0,119.2
0,119.2
0,167.7
0,238.5
0,238.5
0,238.5
0,238.5
0,238.5
0,238.5
0,238.5
0,238.5
0,238.5
0,238.5
0,238.5
0,476.9
0,476.9
0,476.9
0,119.2
0,119.2
0,119.2
0,119.2
0,238.5
0,238.5
0,238.5
0,238.5
0,476.9
0,476.9
0,476.9
0,476.9
0,119.2
0,238.5
0,119.2
0,119.2
0,238.5
0,119.2
0,476.9
0,119.2
0,238.5
0,238.5
0,238.5
0,59.6
0,29.8
0,119.2
0,119.2
0,119.2
0,119.2
0,119.2
0,119.2
0,119.2
0,119.2
0,119.2
0,119.2
0,119.2
0,119.2
0,238.5
0,59.6
0,59.6
0,238.5
0,238.5
0,238.5
0,238.5
0,238.5
0,238.5
0,238.5
0,238.5
0,238.5
0,238.5
0,238.5
0,238.5
0,29.8
0,29.8
0,476.9
0,476.9
0,476.9
0,59.6
0,59.6
0,59.6
0,29.8
0,29.8
0,119.2
0,59.6
0,119.2
0,119.2
0,238.5
0,29.8
0,119.2
0,119.2
0,238.5
0,238.5
0,238.5
0,238.5
0,238.5
0,119.2
0,119.2
0,119.2
0,119.2
0,238.5
0,238.5
0,238.5
0,238.5
0,238.5
0,238.5
0,476.9
0,476.9
0,476.9
0,238.5
0,476.9
0,119.2
0,59.6
0,119.2
0,119.2
0,238.5
0,238.5
0,238.5
0,476.9
0,223.6
0,238.5
0,119.2
0,223.6
0,447.1
0,111.8
0,119.2
0,238.5
0,238.5
0,476.9
0,238.5
0,119.2
0,238.5
0,476.9
0,953.9
0,55.9
0,223.6
0,953.9
0,119.2
0,238.5
0,238.5
0,111.8
0,223.6
0,119.2
0,119.2
0,119.2
0,238.5
0,953.9
0,29.8
0,59.6
0,59.6
0,59.6
0,59.6
0,59.6
0,119.2
0,119.2
0,119.2
0,119.2
0,238.5
0,238.5
0,238.5
0,238.5
0,238.5
0,238.5
0,476.9
0,476.9
0,476.9
0,476.9
0,476.9
0,223.6
0,232.9
0,111.8
0,232.9
0,465.8
0,698.6
0,152.5
0,149.1
0,118
0,953.9
0,447.1
0,59
0,111.8
0,119.2
0,119.2
0,223.6
0,223.6
0,238.5
0,19
0,19.4
0,9.8
0,28.6
0,38.3
0,38.3
0,19.1
0,38.2
0,41
0,28
0,76.3
0,114.5
0,37.3
0,14.8
0,76.3
0,76.3
0,113
0,152.7
0,233.6
0,301.7
0,19.1
0,38.2
0,114.5
0,152.7
0,152.7
0,20
0,189.9
0,48.8
0,189.9
0,29.3
0,232.9
0,233.8
0,39.1
0,125.9
0,232.9
0,232.9
0,31.5
0,279.5
0,18.6
0,28.6
0,9.8
0,36.4
0,38.3
0,6.8
0,38.3
0,149
0,149
0,76.7
0,14.6
0,149
0,372.6
0,465.8
0,38.3
0,19.1
0,37.3
0,19.5
0,55.9
0,48.8
0,74.6
0,56.8
0,76.3
0,74.6
0,74.5
0,74.5
0,76.3
0,93.4
0,93.4
0,114.5
0,114.5
0,45
0,152.7
0,152.7
0,76.6
0,135.8
0,152.7
0,189.9
0,189.9
0,189.9
0,39.1
0,189.9
0,189.9
0,189.9
0,233.8
0,233.8
0,232.9
0,125.5
0,279.5
0,139.7
0,279.5
0,279.5
0,37.3
0,29.3
0,76.3
0,76.3
0,149
0,149
0,186.3
0,189.9
0,48.8
0,233.8
0,233.8
0,78.1
0,19.5
0,279.5
0,279.5
0,298.1
0,298.1
0,44.2
0,19.1
0,57.3
0,57.3
0,76.3
0,74.5
0,74.5
0,76.3
0,114.5
0,114.5
0,114.5
0,114.5
0,150.2
0,149
0,152.7
0,144.4
0,152.7
0,29.3
0,189.9
0,189.9
0,97.7
0,233.7
0,298.1
0,465.8
0,465.8
0,97.5
0,14.6
0,224.6
0,233.8
0,279.5
0,301.7
0,97.7
0,233.8
0,279.5
0,233.8
0,229.7
0,931.5
0,931.5
0,111.8
0,149.1
0,149
0,149
0,149
0,149
0,149
0,77.1
0,149
0,149
0,149
0,149
0,19.5
0,186.3
0,186.3
0,232.9
0,97.7
0,232.9
0,232.9
0,298.1
0,298.1
0,48.8
0,298.1
0,298.1
0,298.1
0,465.8
0,465.8
0,465.8
0,54.2
0,698.6
0,74.5
0,74.5
0,74.5
0,74.5
0,40.3
0,74.5
0,74.5
0,223.6
0,447.1
0,894.3
0,465.8
0,465.8
0,465.8
0,465.8
0,931.5
0,931.5
0,931.5
0,931.5
0,931.5
0,1800
0,1800
0,1800
0,1800
0,149
0,465.8
0,465.8
0,698.6
0,698.6
0,931.5
0,931.5
0,931.5
0,931.5
0,59
0,119.2
0,111.8
0,167.7
0,111.8
0,223.6
0,1800
0,119.2
0,238.5
0,111.8
0,111.8
0,223.6
0,447.1
0,953.9
0,238.5
0,476.9
0,476.9
0,953.9
0,238.5
0,238.5
0,238.5
0,476.9
0,476.9
0,238.5
0,238.5
0,476.9
0,238.5
0,476.9
0,238.5
0,476.9
0,238.5
0,953.9
0,238.5
0,476.9
0,953.9
0,476.9
0,953.9
0,238.5
0,476.9
0,238.5
0,476.9
0,953.9
0,476.9
0,953.9
0,238.5
0,476.9
0,953.9
0,476.9
0,238.5
0,953.9
0,953.9
0,1900
0,476.9
0,238.5
0,238.5
0,119.2
0,238.5
0,59.6
0,111.8
0,223.6
0,447.1
0,894.3
0,111.8
0,223.6
0,745.2
0,55.9
0,111.8
0,223.6
0,119.2
0,238.5
0,238.5
0,119.2
0,238.5
0,119.2
0,119.2
0,953.9
0,238.5
0,476.9
0,59.6
0,238.5
0,238.5
0,119.2
0,476.9
0,476.9
0,119.2
0,119.2
0,953.9
0,238.5
0,238.5
0,476.9
0,238.5
0,119.2
0,238.5
0,476.9
0,119.2
0,238.5
0,476.9
0,238.5
0,238.5
0,238.5
0,953.9
0,238.5
0,238.5
0,476.9
0,476.9
0,476.9
0,953.9
0,476.9
0,111.8
0,111.8
0,111.8
0,119.2
0,238.5
0,1900
0,119.2
0,238.5
0,119.2
0,93.2
0,745.2
0,894.3
0,447.1
0,931.5
0,232.9
0,465.8
0,465.8
0,931.5
0,1800
0,465.8
0,1800
0,465.8
0,931.5
0,931.5
0,223.6
0,111.8
0,223.6
0,372.6
0,447.1
0,238.5
0,336.2
0,447.1
0,119.2
0,111.8
0,223.6
0,28.5
0,2900
0,29.5
0,119.2
0,119.2
0,59.6
0,119.2
0,238.5
0,476.9
0,236
0,953.9
0,1900
0,931.5
0,476.9
0,931.5
0,465.8
0,465.8
0,931.5
0,931.5
0,1800
0,111.8
0,223.6
0,59.6
0,119.2
0,953.9
0,238.5
0,476.9
0,59.6
0,119.2
0,238.5
0,119.2
0,119.2
0,119.2
0,119.2
0,119.2
0,119.2
0,119.2
0,119.2
0,953.9
0,953.9
0,953.9
0,953.9
0,953.9
0,953.9
0,238.5
0,238.5
0,238.5
0,238.5
0,238.5
0,238.5
0,238.5
0,238.5
0,238.5
0,238.5
0,238.5
0,238.5
0,238.5
0,238.5
0,238.5
0,238.5
0,476.9
0,476.9
0,476.9
0,476.9
0,476.9
0,476.9
0,476.9
0,476.9
0,476.9
0,476.9
0,476.9
0,59.6
0,119.2
0,119.2
0,238.5
0,238.5
0,238.5
0,238.5
0,238.5
0,238.5
0,238.5
0,238.5
0,238.5
0,476.9
0,476.9
0,476.9
0,476.9
0,953.9
0,953.9
0,238.5
0,238.5
0,476.9
0,476.9
0,59.6
0,111.8
0,223.6
0,28
0,447.1
0,111.8
0,223.6
0,55.9
0,55.9
0,111.8
0,223.6
0,232.9
0,447.1
0,465.8
0,223.6
0,37.2
0,447.1
0,74.5
0,894.3
0,93.2
0,111.8
0,111.8
0,167.7
0,223.6
0,223.5
0,232.9
0,41.9
0,447.1
0,447.1
0,447.1
0,465.8
0,55.9
0,55.9
0,83.8
0,223.6
0,223.6
0,447.1
0,465.8
0,55.9
0,111.8
0,223.6
0,447.1
0,55.9
0,223.6
0,111.8
0,931.5
0,223.6
0,447.1
0,476.9
0,111.8
0,223.6
0,447.1
0,119.2
0,59.6
0,447.1
0,931.5
0,232.9
0,465.8
0,931.5
0,232.9
0,238.5
0,447.1
0,465.8
0,476.9
0,894.3
0,223.6
0,223.6
0,232.9
0,465.8
0,476.9
0,1800
0,476.9
0,1700
0,443.3
0,890.3
0,223.4
0,447
0,111.8
0,232.9
0,465.8
0,223.6
0,894.3
0,111.8
0,232.9
0,476.9
0,111.8
0,119.2
0,232.9
0,465.8
0,111.8
0,447.1
0,465.8
0,14.9
0,111.8
0,111.8
0,111.8
0,111.8
0,238.5
0,447.1
0,447.1
0,894.3
0,238.5
0,476.9
0,93.2
0,93.2
0,29.8
0,29.8
0,119.2
0,119.2
0,119.2
0,111.8
0,223.6
0,931.5
0,37.3
0,119.2
0,953.9
0,238.5
0,447.1
0,238.5
0,118
0,119.2
0,953.9
0,232.9
0,238.5
0,465.8
0,476.9
0,111.8
0,111.8
0,118
0,118
0,953.9
0,223.6
0,232.9
0,236
0,238.5
0,335.3
0,447.1
0,476.9
0,55.9
0,670.7
0,670.6
0,372.6
0,745.2
0,447.1
0,119.2
0,238.5
0,476.9
0,953.9
0,238.5
0,111.8
0,223.6
0,953.9
0,238.5
0,476.9
0,238.5
0,476.9
0,119.2
0,238.5
0,476.9
0,119.2
0,238.5
0,476.9
0,238.5
0,476.9
0,119.2
0,238.5
0,476.9
0,238.5
0,476.9
0,223.6
0,447.1
0,1900
0,238.5
0,476.9
0,953.9
0,953.9
0,1000
0,100
0,250
0,30
0,512
0,580
0,232.9
0,119.2
0,238.5
0,238.5
0,476.9
0,238.5
0,476.9
0,119.2
0,953.9
0,238.5
0,476.9
0,238.5
0,111.8
0,223.6
0,953.9
0,476.9
0,1900
0,119.2
0,238.5
0,476.9
0,119.2
0,238.5
0,476.9
0,931.5
0,931.5
0,931.5
0,931.5
0,1800
0,232.9
0,465.8
0,465.8
0,465.8
0,465.8
0,238.5
0,476.9
0,476.9
0,111.8
0,447.1
0,1800
0,465.8
0,931.5
0,119.2
0,465.8
0,953.9
0,119.2
0,238.5
0,238.5
0,476.9
0,476.9
0,476.9
0,476.9
0,476.9
0,238.5
0,931.5
0,232.9
0,465.8
0,953.9
0,476.9
0,476.9
0,953.9
0,238.5
0,476.9
0,238.5
0,238.5
0,119.2
0,953.9
0,476.9
0,476.9
0,953.9
0,953.9
0,1900
0,1900
0,476.9
0,476.9
0,238.5
0,238.5
0,119.2
0,953.9
0,238.5
0,238.5
0,476.9
0,476.9
0,476.9
0,953.9
0,238.5
0,476.9
0,476.9
0,953.9
0,476.9
0,476.9
0,476.9
0,476.9
0,476.9
0,238.5
0,238.5
0,476.9
0,119.2
0,238.5
0,476.9
0,223.6
0,447.1
0,931.5
0,465.8
0,232.9
0,465.8
0,931.5
0,223.6
0,447.1
0,465.8
0,465.8
0,953.9
0,1900
0,1900
0,476.9
0,953.9
0,953.9
0,953.9
0,238.5
0,238.5
0,476.9
0,476.9
0,476.9
0,3700
0,1900
0,953.9
0,476.9
0,476.9
0,238.5
0,476.9
0,931.5
0,232.9
0,119.2
0,238.5
0,238.5
0,476.9
0,953.9
0,238.5
0,476.9
0,476.9
0,953.9
0,476.9
0,476.9
0,476.9
0,953.9
0,238.5
0,476.9
0,476.9
0,953.9
0,476.9
0,953.9
0,476.9
0,953.9
0,953.9
0,1900
0,476.9
0,476.9
0,931.5
0,238.5
0,476.9
0,476.9
0,238.5
0,119.2
0,238.5
0,476.9
0,223.6
0,447.1
0,238.5
0,476.9
0,953.9
0,238.5
0,476.9
0,953.9
0,953.9
0,238.5
0,476.9
0,953.9
0,953.9
0,953.9
0,238.5
0,476.9
0,476.9
0,953.9
0,1900
0,1800
0,119.2
0,238.5
0,476.9
0,953.9
0,238.5
0,476.9
0,238.5
0,476.9
0,953.9
0,238.5
0,476.9
0,476.9
0,953.9
0,953.9
0,1900
0,476.9
0,119.2
0,953.9
0,953.9
0,238.5
0,476.9
0,238.5
0,953.9
0,476.9
0,223.6
0,447.1
0,931.5
0,931.5
0,232.9
0,465.8
0,931.5
0,953.9
0,119.2
0,931.5
0,1800
0,931.5
0,1900
0,476.9
0,953.9
0,931.5
0,1800
0,238.5
0,238.5
0,476.9
0,476.9
0,447.1
0,476.9
0,953.9
0,238.5
0,953.9
0,953.9
0,238.5
0,238.5
0,476.9
0,476.9
0,476.9
0,238.5
0,119.2
0,953.9
0,476.9
0,232.9
0,1900
0,232.9
0,476.9
0,953.9
0,476.9
0,931.5
0,931.5
0,465.8
0,238.5
0,476.9
0,238.5
0,476.9
0,476.9
0,238.5
0,476.9
0,238.5
0,953.9
0,238.5
0,476.9
0,953.9
0,119.2
0,238.5
0,238.5
0,953.9
0,476.9
0,476.9
0,476.9
0,953.9
0,476.9
0,953.9
0,238.5
0,119.2
0,119.2
0,238.5
0,476.9
0,931.5
0,465.8
0,931.5
0,931.5
0,931.5
0,465.8
0,476.9
0,476.9
0,119.2
0,238.5
0,476.9
0,476.9
0,953.9
0,953.9
0,953.9
0,238.5
0,238.5
0,238.5
0,476.9
0,476.9
0,476.9
0,238.5
0,476.9
0,953.9
0,476.9
0,953.9
0,953.9
0,953.9
0,238.5
0,476.9
0,953.9
0,931.5
0,465.8
0,465.8
0,476.9
0,238.5
0,953.9
0,476.9
0,931.5
0,931.5
0,232.9
0,232.9
0,465.8
0,465.8
0,953.9
0,1900
0,238.5
0,476.9
0,953.9
0,953.9
0,238.5
0,476.9
0,476.9
0,447.1
0,111.8
0,223.6
0,447.1
0,93.2
0,107.1
0,149
0,167.7
0,37.3
0,46.6
0,83.8
0,111.8
0,111.8
0,119.2
0,119.2
0,167.7
0,223.6
0,223.6
0,238.5
0,29.8
0,335.3
0,447.1
0,476.9
0,55.9
0,894.3
0,119.2
0,167.7
0,223.6
0,447.1
0,55.9
0,83.8
0,119.2
0,238.5
0,238.5
0,476.9
0,59.6
0,59.6
0,59.6
0,58.5
0,111.8
0,111.8
0,223.6
0,223.6
0,447.1
0,447.1
0,111.8
0,223.6
0,29.8
0,59.6
0,119.3
0,119.2
0,112.7
0,56.3
0,119.4
0,59.7
0,447.1
0,223.6
0,447.1
0,894.3
0,110.6
0,55.9
0,119.1
0,238.5
0,59.6
0,119.2
0,238.5
0,29.8
0,59.6
0,119.2
0,238.5
0,59.6
0,59.6
0,447.2
0,223.6
0,894.3
0,447.1
0,223.6
0,223.6
0,111.8
0,223.6
0,223.6
0,447.1
0,447.1
0,447.2
0,447.2
0,894.3
0,223.6
0,894.3
0,447.2
0,223.6
0,119.2
0,59.6
0,111.8
0,111.8
0,447.1
0,447.1
0,55.9
0,55.9
0,29.8
0,59.7
0,59.7
0,119.2
0,59.6
0,111.8
0,111.8
0,223.6
0,223.6
0,447.1
0,447.1
0,894.3
0,894.3
0,111.8
0,111.8
0,223.6
0,223.6
0,447.1
0,447.1
0,894.3
0,223.6
0,111.8
0,111.8
0,111.8
0,223.6
0,223.6
0,447.1
0,111.8
0,223.6
0,223.6
0,447.1
0,447.1
0,894.3
0,238.5
0,119.2
0,476.9
0,476.9
0,93.2
0,111.8
0,149
0,74.5
0,186.3
0,223.6
0,298.1
0,83.8
0,37.3
0,447.1
0,46.6
0,55.9
0,74.5
0,111.8
0,167.7
0,223.6
0,37.3
0,46.6
0,51.2
0,74.5
0,83.8
0,93.2
0,111.8
0,223.6
0,238.5
0,447.1
0,55.9
0,59.6
0,83.8
0,223.6
0,447.1
0,55.9
0,111.8
0,223.6
0,223.6
0,111.8
0,223.6
0,238.5
0,83.8
0,119.2
0,238.5
0,119.2
0,238.5
0,476.9
0,119.2
0,238.5
0,476.9
0,111.8
0,223.6
0,447.1
0,111.8
0,223.6
0,447.1
0,111.8
0,223.6
0,111.8
0,223.6
0,59.6
0,476.9
0,59.6
0,59.6
0,93.1
0,115.2
0,111.8
0,111.8
0,111.8
0,223.6
0,230.4
0,55.9
0,119.2
0,119.2
0,238.5
0,29.8
0,89.4
0,119.1
0,119.2
0,29.8
0,59.6
0,119.2
0,279.5
0,931.5
0,111.8
0,238.5
0,476.9
0,953.9
0,476.9
0,953.9
0,238.5
0,931.5
0,1800
0,465.8
0,47
0,476.9
0,953.9
0,238.5
0,476.9
0,111.8
0,223.6
0,238.5
0,119.2
0,223.6
0,55.9
0,238.5
0,476.9
0,223.4
0,447
0,447.1
0,55.9
0,111.8
0,223.6
0,447.1
0,111.8
0,223.6
0,447.1
0,447.1
0,107
0,953.9
0,93.2
0,119.2
0,953.9
0,476.9
0,111.8
0,223.6
0,447.1
0,111.8
0,111.8
0,223.6
0,111.8
0,223.6
0,447.1
0,111.8
0,111.8
0,223.6
0,447.1
0,111.8
0,223.6
0,55.9
0,111.8
0,223.6
0,111.8
0,223.6
0,447.1
0,111.8
0,223.6
0,447.1
0,894.3
0,55.9
0,223.6
0,447.1
0,111.8
0,223.6
0,447.1
0,223.6
0,447.1
0,894.3
0,83.3
0,93.2
0,93.2
0,111.8
0,94.9
0,111.8
0,186.3
0,223.6
0,223.6
0,55.9
0,238.5
0,238.5
0,476.9
0,223.6
0,223.6
0,119.4
0,29.8
0,29.8
0,59.7
0,953.9
0,238.5
0,476.9
0,119.2
0,953.9
0,238.5
0,476.9
0,119.2
0,953.9
0,238.5
0,476.9
0,119.2
0,28.7
0,45.8
0,59.5
0,111.8
0,223.6
0,55.9
0,111.8
0,223.6
0,111.8
0,223.6
0,55.9
0,119.2
0,238.5
0,476.9
0,119.2
0,238.5
0,476.9
0,55.9
0,111.8
0,223.6
0,447.1
0,119.2
0,111.8
0,223.6
0,55.9
0,119.2
0,119.2
0,119.2
0,238.5
0,29.8
0,59.6
0,59.6
0,28.1
0,56.2
0,56.3
0,59.6
0,119.2
0,29.8
0,30.1
0,59.6
0,111.8
0,223.6
0,119.2
0,238.5
0,59.6
0,476.9
0,953.9
0,238.5
0,476.9
0,953.9
0,476.9
0,953.9
0,238.5
0,476.9
0,953.9
0,476.9
0,953.9
0,238.5
0,476.9
0,953.9
0,238.5
0,476.9
0,476.9
0,3600
0,476.9
0,953.9
0,238.5
0,476.9
0,953.9
0,953.9
0,238.5
0,476.9
0,953.9
0,476.9
0,111.8
0,223.6
0,111.8
0,223.6
0,111.8
0,223.6
0,111.8
0,953.9
0,476.9
0,119.2
0,953.9
0,238.5
0,476.9
0,476.9
0,119.2
0,59.6
0,119.2
0,119.2
0,59.6
0,238.5
0,111.8
0,223.6
0,111.8
0,223.6
0,111.8
0,149
0,119.2
0,238.5
0,119.2
0,238.5
0,59.6
0,119.2
0,476.9
0,59.6
0,119.2
0,238.5
0,119.2
0,119.2
0,238.5
0,476.9
0,119.2
0,119.2
0,119.2
0,119.2
0,119.2
0,119.2
0,119.2
0,119.2
0,119.2
0,119.2
0,119.2
0,119.2
0,119.2
0,119.2
0,119.2
0,119.2
0,119.2
0,119.2
0,119.2
0,119.2
0,119.2
0,119.2
0,119.2
0,119.2
0,119.2
0,119.2
0,119.2
0,953.9
0,953.9
0,953.9
0,953.9
0,953.9
0,953.9
0,953.9
0,238.5
0,238.5
0,238.5
0,238.5
0,238.5
0,238.5
0,238.5
0,238.5
0,238.5
0,238.5
0,238.5
0,238.5
0,238.5
0,238.5
0,238.5
0,238.5
0,238.5
0,238.5
0,238.5
0,238.5
0,238.5
0,238.5
0,238.5
0,238.5
0,238.5
0,238.5
0,238.5
0,238.5
0,238.5
0,476.9
0,476.9
0,476.9
0,476.9
0,476.9
0,476.9
0,476.9
0,476.9
0,476.9
0,476.9
0,476.9
0,476.9
0,476.9
0,476.9
0,476.9
0,476.9
0,476.9
0,476.9
0,59.6
0,59.6
0,59.6
0,59.6
0,119.2
0,238.5
0,476.9
0,119.2
0,238.5
0,238.5
0,476.9
0,476.9
0,238.5
0,476.9
0,953.9
0,238.5
0,223.6
0,223.6
0,894.3
0,223.6
0,119.2
0,59.6
0,953.9
0,465.8
0,476.9
0,238.5
0,476.9
0,894.3
0,111.8
0,111.8
0,111.8
0,223.6
0,223.6
0,223.6
0,223.6
0,223.6
0,447.1
0,447.1
0,447.1
0,447.1
0,111.8
0,111.8
0,223.6
0,447.1
0,894.3
0,894.3
0,111.8
0,223.6
0,447.1
0,931.5
0,1800
0,465.8
0,931.5
0,465.8
0,223.6
0,223.6
0,447.1
0,447.1
0,931.5
0,931.5
0,931.5
0,1800
0,232.9
0,1800
0,465.8
0,931.5
0,1800
0,465.8
0,931.5
0,1800
0,111.8
0,111.8
0,111.8
0,111.8
0,931.5
0,931.5
0,223.6
0,223.6
0,223.6
0,232.9
0,447.1
0,447.1
0,447.1
0,465.8
0,894.3
0,232.9
0,223.6
0,223.6
0,223.6
0,111.8
0,111.8
0,111.8
0,111.8
0,111.8
0,111.8
0,111.8
0,111.8
0,111.8
0,111.8
0,111.8
0,111.8
0,111.8
0,111.8
0,223.6
0,223.6
0,223.6
0,223.6
0,223.6
0,223.6
0,223.6
0,223.6
0,57.8
0,119.2
0,29.8
0,223.6
0,953.9
0,931.5
0,1800
0,476.9
0,29.8
0,167.7
0,223.6
0,223.6
0,335.3
0,670.7
0,83.8
0,700
0,65
0,220
0,400
0,238.5
0,19
0,28
0,19
0,28
0,12.8
0,111.8
0,111.8
0,238.5
0,111.8
0,223.6
0,55.9
0,223.6
0,111.8
0,223.6
0,223.6
0,111.8
0,223.6
0,447.1
0,58.2
0,119.2
0,111.8
0,111.8
0,223.6
0,238.5
0,447.1
0,931.5
0,119.2
0,236
0,119.2
0,119.2
0,111.8
0,476.9
0,111.8
0,238.5
0,953.9
0,476.9
0,953.9
0,238.5
0,476.9
0,119.2
0,238.5
0,476.9
0,119.2
0,119.2
0,238.5
0,238.5
0,238.5
0,111.8
0,476.9
0,111.8
0,238.5
0,223.6
0,476.9
0,472
0,223.6
0,476.9
0,953.9
0,953.9
0,117.9
0,236
0,119.2
0,238.5
0,238.5
0,119.2
0,238.5
0,119.2
0,119.2
0,238.5
0,238.5
0,238.5
0,119.2
0,238.5
0,111.8
0,29.8
0,59.7
0,223.6
0,447.1
0,119.2
0,119.2
0,238.5
0,238.5
0,476.9
0,476.9
0,447.1
0,931.5
0,1800
0,465.8
0,1800
0,3600
0,465.8
0,931.5
0,931.5
0,476.9
0,1800
0,3600
0,931.5
0,1800
0,3600
0,465.8
0,931.5
0,3700
0,119.2
0,119
0,119.2
0,22.4
0,238.5
0,29.8
0,119.2
0,238.5
0,59.6
0,476.9
0,59.6
0,59
0,931.5
0,1800
0,29.1
0,29.1
0,29.1
0,29.1
0,58.2
0,58.2
0,58.2
0,58.2
0,58.2
0,58.2
0,116.5
0,116.5
0,116.5
0,37.3
0,74.5
0,19.5
0,74.5
0,74.5
0,74.4
0,931.5
0,931.5
0,931.5
0,931.5
0,931.5
0,931.5
0,921.7
0,111.8
0,73.2
0,1400
0,292.9
0,1400
0,1400
0,149
0,149
0,149
0,149
0,149
0,149
0,149
0,149
0,49
0,186.3
0,1800
0,500
0,1800
0,232.9
0,232.9
0,78.1
0,232.9
0,232.9
0,232.9
0,48.8
0,232.9
0,232.8
0,232.6
0,232.9
0,279.5
0,279.5
0,298.1
0,298.1
0,298.1
0,298.1
0,298.1
0,298.1
0,102.8
0,298.1
0,298.1
0,372.6
0,58.6
0,372.6
0,202
0,372.6
0,372.6
0,465.8
0,48.8
0,465.8
0,465.8
0,465.8
0,465.8
0,465.6
0,465.8
0,596.2
0,300
0,698.6
0,698.6
0,683.9
0,931.5
0,931.5
0,149
0,232.8
0,465.8
0,596.2
0,698.6
0,18.7
0,37.3
0,15.6
0,37.3
0,51.1
0,55.9
0,25.2
0,74.5
0,14.6
0,74.5
0,73
0,58.6
0,74.5
0,30.2
0,93.2
0,93.2
0,931.5
0,111.8
0,39.2
0,111.8
0,30
0,111.8
0,55.9
0,111.8
0,99.2
0,111.7
0,149
0,24.4
0,149
0,39.1
0,142.1
0,148.9
0,149
0,61
0,232.9
0,218.2
0,232.9
0,232.9
0,232.9
0,135.2
0,232.9
0,208.9
0,232.9
0,298.1
0,100.1
0,298.1
0,290.2
0,298.1
0,298.1
0,29.9
0,372.6
0,372.6
0,465.8
0,465.8
0,416.1
0,465.8
0,465.8
0,581.5
0,596.2
0,931.5
0,232.9
0,298.1
0,465.8
0,465.8
0,596.2
0,698.6
0,55.9
0,22.3
0,30.2
0,74.5
0,111.8
0,29.1
0,59.6
0,59.6
0,58.2
0,116.5
0,113.4
0,108.3
0,119.2
0,119.2
0,59.6
0,58.2
0,59.6
0,59.6
0,37.3
0,55.9
0,19.5
0,74.6
0,3500
0,894.3
0,894.3
0,894.3
0,59.6
0,119.2
0,119.2
0,223.6
0,447.1
0,447.1
0,111.8
0,111.8
0,119.2
0,119.2
0,119.2
0,119.2
0,178.9
0,178.9
0,223.6
0,223.6
0,223.6
0,447.1
0,447.1
0,119.2
0,119.2
0,119.2
0,119.2
0,119.2
0,119.2
0,119.2
0,119.2
0,238.5
0,238.5
0,238.5
0,238.5
0,238.5
0,238.5
0,238.5
0,238.5
0,238.5
0,238.5
0,238.5
0,238.5
0,238.5
0,238.5
0,238.5
0,238.5
0,476.9
0,476.9
0,476.9
0,476.9
0,476.9
0,476.9
0,476.9
0,476.9
0,476.9
0,476.9
0,476.9
0,119.2
0,238.5
0,119.2
0,119.2
0,119.2
0,238.5
0,238.5
0,238.5
0,119.2
0,119.2
0,119.2
0,119.2
0,119.2
0,238.5
0,238.5
0,238.5
0,238.5
0,238.5
0,447.1
0,119.2
0,119.2
0,119.2
0,119.2
0,238.5
0,238.5
0,238.5
0,238.5
0,238.5
0,476.9
0,476.9
0,119.2
0,119.2
0,119.2
0,119.2
0,119.2
0,119.2
0,119.2
0,238.5
0,238.5
0,238.5
0,238.5
0,238.5
0,238.5
0,238.5
0,238.5
0,238.5
0,476.9
0,476.9
0,476.9
0,476.9
0,476.9
0,476.9
0,476.9
0,119.2
0,119.2
0,119.2
0,238.5
0,238.5
0,238.5
0,238.5
0,238.5
0,238.5
0,111.8
0,223.6
0,223.6
0,223.6
0,223.6
0,223.6
0,447.1
0,447.1
0,447.1
0,447.1
0,238.5
0,953.9
0,953.9
0,238.5
0,476.9
0,476.9
0,119.2
0,119.2
0,238.5
0,238.5
0,238.5
0,238.5
0,476.9
0,476.9
0,476.9
0,476.9
0,119.2
0,238.5
0,476.9
0,119.2
0,119.2
0,119.2
0,238.5
0,29.8
0,119.2
0,29.8
0,29.8
0,29.8
0,961.3
0,59.6
0,119.2
0,238.5
0,238.5
0,238.5
0,238.5
0,238.5
0,119.2
0,119.2
0,119.2
0,119.2
0,119.2
0,119.2
0,238.5
0,238.5
0,238.5
0,238.5
0,238.5
0,238.5
0,476.9
0,476.9
0,476.9
0,476.9
0,119.2
0,119.2
0,119.2
0,119.2
0,119.2
0,119.2
0,238.5
0,238.5
0,238.5
0,238.5
0,238.5
0,476.9
0,476.9
0,476.9
0,119.2
0,119.2
0,119.2
0,119.2
0,119.2
0,178.9
0,119.2
0,119.2
0,119.2
0,119.2
0,119.2
0,119.2
0,119.2
0,119.2
0,119.2
0,119.2
0,119.2
0,953.9
0,238.5
0,238.5
0,238.5
0,238.5
0,238.5
0,238.5
0,238.5
0,238.5
0,238.5
0,238.5
0,238.5
0,238.5
0,238.5
0,238.5
0,238.5
0,238.5
0,238.5
0,476.9
0,476.9
0,119.2
0,238.5
0,119.2
0,119.2
0,238.5
0,238.5
0,238.5
0,238.5
0,476.9
0,476.9
0,119.2
0,119.2
0,119.2
0,119.2
0,119.2
0,119.2
0,238.5
0,238.5
0,238.5
0,238.5
0,238.5
0,238.5
0,476.9
0,476.9
0,476.9
0,476.9
0,476.9
0,476.9
0,476.9
0,476.9
0,119.2
0,119.2
0,119.2
0,119.2
0,119.2
0,238.5
0,238.5
0,238.5
0,238.5
0,238.5
0,238.5
0,238.5
0,894.3
0,476.9
0,953.9
0,238.5
0,1900
0,1900
0,1900
0,953.9
0,238.5
0,238.5
0,476.9
0,476.9
0,119.2
0,119.2
0,119.2
0,119.2
0,238.5
0,119.2
0,238.5
0,476.9
0,119.2
0,238.5
0,476.9
0,119.2
0,953.9
0,238.5
0,476.9
0,238.5
0,119.2
0,953.9
0,238.5
0,476.9
0,119.2
0,238.5
0,476.9
0,953.9
0,953.9
0,238.5
0,1900
0,476.9
0,953.9
0,476.9
0,931.5
0,931.5
0,465.8
0,465.8
0,119.2
0,238.5
0,476.9
0,476.9
0,119.2
0,238.5
0,476.9
0,119.2
0,953.9
0,238.5
0,476.9
0,37.3
0,37.3
0,31.5
0,37.3
0,51.1
0,74.6
0,74.6
0,48.8
0,74.6
0,16.6
0,74.6
0,41
0,74.5
0,111.8
0,43.9
0,111.8
0,111.8
0,19.5
0,149
0,14.6
0,149
0,149
0,19.5
0,149
0,149
0,149
0,70.9
0,149
0,9.2
0,149
0,59.8
0,186.3
0,186.3
0,48.8
0,232.8
0,232.9
0,43.9
0,37.3
0,18.7
0,37.3
0,55.9
0,74.6
0,119.2
0,119.2
0,238.5
0,59.6
0,59.6
0,111.8
0,111.8
0,111.8
0,232.9
0,465.8
0,465.8
0,232.9
0,465.8
0,119.2
0,238.5
0,476.9
0,238.5
0,119.2
0,476.9
0,111.8
0,111.8
0,931.5
0,232.9
0,232.9
0,465.8
0,465.8
0,698.6
0,111.8
0,465.8
0,119.2
0,476.9
0,119.2
0,476.9
0,119.2
0,232.9
0,465.8
0,232.9
0,119.2
0,238.5
0,465.8
0,698.6
0,931.5
0,894.3
0,111.8
0,111.8
0,119.2
0,931.5
0,232.9
0,1800
0,465.8
0,111.8
0,931.5
0,232.9
0,465.8
0,111.8
0,465.8
0,111.8
0,931.5
0,232.9
0,465.8
0,232.9
0,465.8
0,931.5
0,111.8
0,465.8
0,119.2
0,953.9
0,238.5
0,1900
0,476.9
0,119.2
0,111.8
0,119.2
0,1900
0,238.5
0,476.9
0,894.3
0,931.5
0,232.9
0,232.9
0,1800
0,3600
0,465.8
0,465.8
0,931.5
0,232.9
0,1800
0,465.8
0,931.5
0,232.9
0,465.8
0,232.9
0,232.9
0,465.8
0,953.9
0,238.5
0,238.5
0,1900
0,476.9
0,476.9
0,931.5
0,1800
0,3600
0,232.9
0,465.8
0,931.5
0,931.5
0,232.9
0,232.9
0,1800
0,3600
0,465.8
0,465.8
0,931.5
0,1800
0,3600
0,931.5
0,238.5
0,476.9
0,931.5
0,232.9
0,465.8
0,953.9
0,1900
0,476.9
0,232.9
0,931.5
0,232.9
0,1800
0,465.8
0,931.5
0,232.9
0,1800
0,465.8
0,953.9
0,476.9
0,232.9
0,465.8
0,931.5
0,931.5
0,232.9
0,1800
0,465.8
0,931.5
0,232.9
0,1800
0,465.8
0,931.5
0,119.2
0,238.5
0,119.2
0,238.5
0,238.5
0,238.5
0,119.2
0,119.2
0,238.5
0,119.1
0,59.6
0,119.2
0,119.2
0,119.2
0,238.5
0,49.7
0,59.6
0,238.5
0,238.5
0,58.7
0,59.6
0,104.6
0,119.2
0,119.2
0,59.6
0,119.2
0,238.5
0,119.2
0,238.5
0,238.5
0,119.2
0,119.2
0,59.6
0,119.2
0,59.6
0,59.6
0,119.2
0,238.5
0,59.6
0,119.2
0,238.5
0,238.5
0,119.2
0,238.5
0,476.9
0,238.5
0,238.5
0,238.5
0,93
0,212.2
0,119.2
0,238.5
0,29.8
0,119.2
0,238.5
0,29.8
0,59.6
0,119.2
0,238.5
0,476.9
0,238.5
0,238.5
0,238.5
0,238.5
0,111.8
0,119.2
0,238.5
0,119.2
0,238.5
0,953.9
0,953.9
0,119.2
0,238.5
0,476.9
0,238.5
0,476.9
0,119.2
0,953.9
0,238.5
0,476.9
0,119.2
0,238.5
0,476.9
0,238.5
0,953.9
0,119.2
0,238.5
0,476.9
0,119.2
0,238.5
0,238.5
0,476.9
0,238.5
0,238.5
0,476.9
0,953.9
0,119.2
0,238.5
0,476.9
0,119.2
0,238.5
0,476.9
0,119.2
0,238.5
0,238.5
0,119.2
0,238.5
0,119.2
0,238.5
0,238.5
0,476.9
0,476.9
0,119.2
0,238.5
0,476.9
0,119.2
0,238.5
0,476.9
0,119.2
0,238.5
0,476.9
0,953.9
0,238.5
0,1900
0,476.9
0,119.2
0,953.9
0,238.5
0,476.9
0,119.2
0,953.9
0,238.5
0,476.9
0,953.9
0,238.5
0,1900
0,476.9
0,119.2
0,57.1
0,119.2
0,59.6
0,47
0,119.2
0,238.5
0,476.9
0,119.2
0,238.5
0,119.2
0,238.5
0,476.9
0,119.2
0,238.5
0,476.9
0,238.5
0,119.2
0,238.5
0,119.2
0,238.5
0,238.5
0,119.2
0,238.5
0,238.5
0,238.5
0,238.5
0,238.5
0,476.9
0,238.5
0,238.5
0,476.9
0,476.9
0,59.6
0,59.6
0,37.3
0,55.9
0,9.3
0,74.6
0,9.8
0,70.9
0,111.8
0,111.8
0,149
0,149
0,18.7
0,19
0,37.3
0,18.4
0,38
0,51
0,74.6
0,119.2
0,238.5
0,476.9
0,111.8
0,223.6
0,119.2
0,238.5
0,29.1
0,58.2
0,238.5
0,476.9
0,238.5
0,29.1
0,58.2
0,116.5
0,29.1
0,58.2
0,29.1
0,58.2
0,116.5
0,29.1
0,58.2
0,931.5
0,465.8
0,59.6
0,15.3
0,24.8
0,29.8
0,29.8
0,7.5
0,119.2
0,119.2
0,119.2
0,119.2
0,238.5
0,119.2
0,119.2
0,119.2
0,238.5
0,238.5
0,238.5
0,119.2
0,119.2
0,29.8
0,59.6
0,59.6
0,59.6
0,59.6
0,119.2
0,119.2
0,119.2
0,119.2
0,119.2
0,119.2
0,119.2
0,119.2
0,238.5
0,238.5
0,238.5
0,238.5
0,238.5
0,238.5
0,238.5
0,119.2
0,238.5
0,476.9
0,476.9
0,476.9
0,476.9
0,59.6
0,119.2
0,119.2
0,119.2
0,238.5
0,238.5
0,119.2
0,119.2
0,238.5
0,119.2
0,119.2
0,119.2
0,119.2
0,238.5
0,238.5
0,476.9
0,476.9
0,119.2
0,119.2
0,119.2
0,119.2
0,119.2
0,238.5
0,238.5
0,238.5
0,119.2
0,119.2
0,119.2
0,119.2
0,238.5
0,238.5
0,238.5
0,953.9
0,476.9
0,476.9
0,119.2
0,238.5
0,238.5
0,476.9
0,476.9
0,119.2
0,119.2
0,238.5
0,238.5
0,476.9
0,476.9
0,476.9
0,119.2
0,119.2
0,238.5
0,238.5
0,238.5
0,238.5
0,476.9
0,476.9
0,119.2
0,238.5
0,238.5
0,119.2
0,119.2
0,119.2
0,119.2
0,119.2
0,953.9
0,238.5
0,238.5
0,238.5
0,238.5
0,476.9
0,476.9
0,476.9
0,476.9
0,476.9
0,59.6
0,119.2
0,119.2
0,119.2
0,238.5
0,238.5
0,238.5
0,111.8
0,223.6
0,447.1
0,119.2
0,29.8
0,119.2
0,119.2
0,119.2
0,119.2
0,119.2
0,119.2
0,953.9
0,238.5
0,238.5
0,238.5
0,238.5
0,238.5
0,476.9
0,476.9
0,476.9
0,476.9
0,119.2
0,119.2
0,119.2
0,119.2
0,238.5
0,238.5
0,238.5
0,238.5
0,238.5
0,238.5
0,238.5
0,238.5
0,238.5
0,476.9
0,119.2
0,119.2
0,119.2
0,119.2
0,238.5
0,238.5
0,238.5
0,476.9
0,476.9
0,119.2
0,119.2
0,119.2
0,119.2
0,119.2
0,238.5
0,238.5
0,238.5
0,238.5
0,238.5
0,238.5
0,238.5
0,476.9
0,476.9
0,953.9
0,238.5
0,476.9
0,238.5
0,119.2
0,238.5
0,476.9
0,14.9
0,14.9
0,29.8
0,111.8
0,111.8
0,931.5
0,223.6
0,223.6
0,1800
0,447.1
0,894.3
0,55.9
0,111.8
0,111.8
0,111.8
0,59.6
0,119.2
0,119.2
0,238.5
0,238.5
0,223.6
0,931.5
0,953.9
0,953.9
0,931.5
0,953.9
0,1800
0,232.9
0,232.9
0,238.5
0,1800
0,465.8
0,465.8
0,476.9
0,476.9
0,465.8
0,111.8
0,223.6
0,238.5
0,447.1
0,894.3
0,111.8
0,223.6
0,447.1
0,894.3
0,59.6
0,119.2
0,119.2
0,238.5
0,238.5
0,59.6
0,119.2
0,119.2
0,238.5
0,238.5
0,29.8
0,29.8
0,111.8
0,111.8
0,111.8
0,223.6
0,223.6
0,223.6
0,447.1
0,447.1
0,111.8
0,111.8
0,223.6
0,223.6
0,447.1
0,447.1
0,223.6
0,447.1
0,894.3
0,223.6
0,447.1
0,894.3
0,29.1
0,58.2
0,116.5
0,29.1
0,58.2
0,465.8
0,931.5
0,931.5
0,14.9
0,29.8
0,117.4
0,14.2
0,22.4
0,29.8
0,58.7
0,14.9
0,29.8
0,14.9
0,59.6
0,931.5
0,111.8
0,1800
0,223.6
0,447.1
0,119.2
0,14.9
0,22.4
0,234.7
0,238.5
0,29.8
0,29.8
0,59.6
0,7.5
0,117.4
0,238.5
0,117.4
0,58.7
0,223.6
0,894.3
0,232.9
0,465.8
0,931.5
0,894.3
0,28.6
0,57.8
0,931.5
0,223.6
0,447.1
0,465.8
0,894.3
0,115.7
0,14.3
0,231.9
0,119.2
0,238.5
0,119.2
0,59.6
0,238.5
0,238.5
0,119.2
0,238.5
0,238.5
0,476.9
0,119.2
0,238.5
0,119.2
0,238.5
0,238.5
0,119.2
0,238.5
0,238.5
0,476.9
0,119.2
0,119.2
0,238.5
0,476.9
0,465.8
0,119.2
0,238.5
0,238.5
0,119.2
0,238.5
0,29.8
0,119.2
0,238.5
0,256.2
0,238.5
0,223.6
0,223.6
0,119.2
0,119.2
0,238.5
0,1800
0,476.9
0,55.9
0,59.6
0,111.8
0,119.2
0,111.8
0,223.6
0,223.6
0,238.5
0,111.8
0,111.8
0,223.6
0,111.8
0,59.6
0,238.5
0,953.9
0,476.9
0,1900
0,1700
0,447.1
0,931.5
0,1800
0,232.9
0,465.8
0,931.5
0,232.9
0,238.5
0,465.8
0,476.9
0,223.6
0,447.1
0,894.3
0,931.5
0,1800
0,465.8
0,931.5
0,1800
0,232.9
0,465.8
0,9100
0,931.5
0,9100
0,465.8
0,931.5
0,931.5
0,1800
0,232.9
0,465.8
0,465.8
0,931.5
0,1800
0,465.8
0,931.5
0,931.5
0,1800
0,1800
0,3600
0,3600
0,465.8
0,465.8
0,238.5
0,931.5
0,9100
0,9100
0,931.5
0,931.5
0,931.5
0,931.5
0,931.5
0,931.5
0,931.5
0,931.5
0,232.9
0,931.5
0,931.5
0,223.6
0,931.5
0,931.5
0,931.5
0,931.5
0,931.5
0,931.5
0,931.5
0,931.5
0,931.5
0,931.5
0,931.5
0,931.5
0,931.5
0,931.5
0,931.5
0,931.5
0,931.5
0,931.5
0,931.5
0,931.5
0,931.5
0,931.5
0,931.5
0,931.5
0,931.5
0,931.5
0,10900
0,111.8
0,111.8
0,111.8
0,111.8
0,12700
0,1400
0,1400
0,1400
0,1400
0,1400
0,1400
0,1400
0,14600
0,149
0,149
0,149
0,1800
0,292.9
0,1800
0,1800
0,1800
0,223.6
0,465.8
0,1800
0,1800
0,1800
0,1800
0,1800
0,1800
0,1800
0,1800
0,1800
0,1800
0,1800
0,1800
0,1800
0,1800
0,1800
0,1800
0,1800
0,1800
0,1800
0,1800
0,1800
0,1800
0,1800
0,1800
0,1800
0,1800
0,223.6
0,223.6
0,223.6
0,223.6
0,232.9
0,232.9
0,232.9
0,232.9
0,232.9
0,232.9
0,219.2
0,214.9
0,232.9
0,232.9
0,232.9
0,2000
0,2700
0,2700
0,2700
0,2700
0,2700
0,2700
0,2700
0,2700
0,89.2
0,931.5
0,931.5
0,931.5
0,931.5
0,931.5
0,931.5
0,931.5
0,931.5
0,931.5
0,931.5
0,931.5
0,931.5
0,931.5
0,931.5
0,31.2
0,931.5
0,931.5
0,9.3
0,6.8
0,111.8
0,0.5726
0,111.8
0,111.8
0,78.1
0,111.8
0,9.5
0,111.8
0,14.1
0,111.8
0,111.8
0,82
0,111.8
0,111.8
0,37.1
0,111.8
0,111.8
0,111.8
0,111.8
0,136.7
0,136.7
0,136.7
0,1400
0,1400
0,149
0,149
0,149
0,149
0,149
0,149
0,149
0,149
0,149
0,149
0,149
0,149
0,149
0,149
0,149
0,149
0,149
0,149
0,149
0,39.1
0,149
0,74.5
0,149
0,149
0,149
0,149
0,149
0,149
0,144.3
0,186.3
0,43.9
0,1800
0,1800
0,1800
0,1800
0,18.6
0,18.6
0,8.4
0,186.3
0,29.3
0,186.3
0,186.3
0,186.3
0,186.3
0,186.3
0,186.3
0,186.3
0,18.6
0,18.6
0,19.1
0,298.1
0,298.1
0,298.1
0,298.1
0,298.1
0,298.1
0,298.1
0,298.1
0,298.1
0,298.1
0,298.1
0,298.1
0,298.1
0,298.1
0,232.9
0,232.9
0,48.8
0,232.8
0,232.9
0,232.9
0,232.9
0,232.9
0,232.9
0,232.9
0,232.9
0,232.9
0,232.9
0,232.9
0,232.9
0,232.9
0,203.6
0,232.9
0,232.8
0,232.9
0,232.9
0,232.9
0,232.9
0,232.9
0,86.4
0,232.9
0,48.8
0,232.9
0,232.9
0,39.1
0,232.9
0,232.9
0,2700
0,1200
0,27.9
0,279.4
0,259.9
0,279.5
0,279.5
0,279.5
0,279.5
0,80.4
0,279.5
0,279.4
0,279.4
0,279.4
0,279.5
0,279.5
0,272.7
0,279.5
0,279.5
0,279.5
0,9.8
0,298.1
0,298.1
0,298.1
0,298.1
0,298.1
0,298.1
0,298.1
0,298.1
0,24.4
0,298.1
0,298.1
0,298.1
0,298.1
0,298.1
0,298.1
0,298.1
0,200.4
0,298.1
0,298.1
0,298.1
0,298.1
0,298.1
0,298.1
0,298.1
0,335.3
0,331.3
0,37.3
0,37.3
0,7.8
0,37.3
0,37.3
0,18.6
0,372.6
0,372.6
0,372.6
0,372.6
0,19.5
0,372.6
0,372.6
0,372.6
0,146.3
0,372.6
0,372.6
0,372.6
0,372.6
0,30
0,372.6
0,37.3
0,37.3
0,17
0,37.3
0,37.3
0,37.3
0,14.6
0,37.3
0,18.6
0,419.2
0,419.2
0,465.8
0,465.8
0,465.8
0,465.8
0,465.8
0,465.8
0,465.8
0,25.1
0,465.8
0,465.8
0,465.8
0,465.8
0,465.8
0,465.8
0,465.8
0,465.8
0,465.8
0,465.8
0,465.8
0,465.8
0,465.8
0,465.8
0,77.5
0,465.8
0,465.8
0,465.8
0,365
0,465.8
0,465.8
0,465.8
0,465.8
0,465.8
0,465.8
0,73.2
0,465.8
0,465.8
0,465.8
0,465.8
0,558.9
0,29.5
0,55.9
0,55.9
0,31.5
0,55.9
0,55.9
0,596.2
0,596.2
0,68.4
0,68.4
0,698.6
0,698.6
0,698.6
0,698.6
0,195.2
0,698.6
0,698.6
0,698.6
0,698.6
0,698.6
0,698.6
0,698.6
0,74.5
0,74.5
0,15
0,74.5
0,37.1
0,74.5
0,74.5
0,74.5
0,74.5
0,74.5
0,74.5
0,18.8
0,74.5
0,74.5
0,74.5
0,74.5
0,74.5
0,9.8
0,10.4
0,74.5
0,37.1
0,74.5
0,74.5
0,68.6
0,74.5
0,74.5
0,74.5
0,74.5
0,74.5
0,74.5
0,74.5
0,69.8
0,74.5
0,2000
0,3600
0,7300
0,3600
0,3600
0,2000
0,3600
0,3600
0,3600
0,3600
0,372.6
0,447.1
0,447.1
0,447.1
0,4500
0,4500
0,465.8
0,465.8
0,465.8
0,97.6
0,465.8
0,465.7
0,465.8
0,489
0,465.8
0,465.8
0,465.8
0,465.8
0,465.8
0,465.8
0,465.8
0,465.8
0,465.8
0,465.8
0,465.8
0,465.8
0,465.8
0,465.8
0,465.8
0,465.8
0,465.8
0,465.8
0,465.8
0,465.8
0,465.8
0,465.8
0,465.8
0,5500
0,558.9
0,596.2
0,596.2
0,698.6
0,698.6
0,698.6
0,698.6
0,698.6
0,7300
0,7300
0,7300
0,7300
0,7300
0,7300
0,7300
0,838.4
0,931.5
0,39.1
0,93.2
0,38.7
0,93.2
0,93.2
0,45
0,93.2
0,93.2
0,93.2
0,93.2
0,61.5
0,29.2
0,93.2
0,111.8
0,111.8
0,109.7
0,111.8
0,111.8
0,111.8
0,111.8
0,111.8
0,109.7
0,111.8
0,136.7
0,144.1
0,149
0,149
0,149
0,149
0,149
0,139
0,149
0,149
0,149
0,148.9
0,148.8
0,144.1
0,149
0,149
0,98.3
0,149
0,149
0,149
0,186.3
0,186.3
0,154.2
0,186.3
0,176.7
0,186.3
0,18.6
0,232.9
0,232.9
0,232.9
0,232.9
0,222
0,232.9
0,232.9
0,221.7
0,232.8
0,232.9
0,232.9
0,63.5
0,232.9
0,232.9
0,15
0,232.9
0,279.4
0,27.9
0,293.9
0,298.1
0,298.1
0,298.1
0,298.1
0,298.1
0,298.1
0,298.1
0,120.9
0,298.1
0,298.1
0,298.1
0,37.3
0,37.3
0,37.3
0,16.4
0,37.3
0,37.3
0,34.1
0,37.3
0,37.2
0,37.3
0,37.3
0,465.7
0,465.8
0,465.8
0,465.8
0,465.8
0,465.8
0,453.7
0,465.8
0,465.8
0,465.8
0,42.7
0,55.8
0,55.9
0,45.8
0,55.9
0,55.9
0,43.9
0,55.9
0,49.8
0,55.9
0,596.2
0,596.2
0,596.2
0,55.9
0,55.9
0,698.6
0,698.6
0,698.6
0,74.5
0,74.5
0,74.5
0,74.5
0,74.5
0,74.5
0,74.5
0,74.5
0,74.5
0,74.5
0,74.5
0,74.5
0,74.5
0,72.3
0,39.1
0,74.5
0,74.5
0,39.1
0,74.5
0,186.3
0,14.3
0,931.5
0,149
0,128
0,232.9
0,298.1
0,298.1
0,465.8
0,465.8
0,698.6
0,111.8
0,119.2
0,238.5
0,238.5
0,476.9
0,111.8
0,111.8
0,223.6
0,111.8
0,223.6
0,447.1
0,238.5
0,476.9
0,238.5
0,476.9
0,931.5
0,931.5
0,1800
0,465.8
0,465.8
0,931.5
0,465.8
0,931.5
0,238.5
0,238.5
0,476.9
0,59.6
0,111.8
0,223.6
0,55.9
0,223.6
0,3.7
0,111.8
0,111.8
0,119.2
0,119.2
0,238.5
0,476.9
0,119.2
0,238.5
0,476.9
0,476.9
0,238.5
0,476.9
0,119.2
0,238.5
0,476.9
0,119.2
0,238.5
0,238.5
0,476.9
0,476.9
0,953.9
0,953.9
0,953.9
0,953.9
0,953.9
0,238.5
0,238.5
0,238.5
0,238.5
0,238.5
0,476.9
0,476.9
0,476.9
0,476.9
0,476.9
0,476.9
0,476.9
0,476.9
0,953.9
0,238.5
0,476.9
0,476.9
0,476.9
0,238.5
0,476.9
0,953.9
0,238.5
0,476.9
0,953.9
0,238.5
0,476.9
0,238.5
0,119.2
0,238.5
0,238.5
0,238.5
0,238.5
0,238.5
0,238.5
0,119.2
0,238.5
0,476.9
0,476.9
0,238.5
0,476.9
0,476.9
0,238.5
0,476.9
0,238.5
0,119.2
0,238.5
0,238.5
0,476.9
0,476.9
0,476.9
0,119.2
0,238.5
0,476.9
0,238.5
0,476.9
0,119.2
0,953.9
0,238.5
0,476.9
0,476.9
0,238.5
0,476.9
0,953.9
0,238.5
0,476.9
0,238.5
0,476.9
0,119.2
0,238.5
0,476.9
0,238.5
0,476.9
0,119.2
0,238.5
0,238.5
0,953.9
0,447.1
0,119.2
0,238.5
0,119.2
0,119.2
0,238.5
0,111.8
0,118
0,236
0,447.1
0,472
0,238.5
0,238.5
0,476.9
0,476.9
0,111.8
0,119.2
0,223.6
0,238.5
0,223.6
0,223.6
0,59.6
0,238.5
0,476.9
0,953.9
0,1900
0,238.5
0,476.9
0,953.9
0,953.9
0,111.8
0,119.2
0,223.6
0,238.5
0,476.9
0,29.8
0,29.7
0,119.2
0,59.6
0,59.6
0,59.6
0,111.8
0,59.6
0,238.5
0,476.9
0,111.8
0,223.6
0,223.6
0,55.9
0,111.8
0,223.6
0,55.9
0,111.8
0,111.8
0,119.2
0,223.6
0,223.6
0,238.5
0,447.1
0,447.1
0,476.9
0,51.2
0,55.9
0,55.9
0,59.6
0,894.3
0,953.9
0,111.8
0,111.8
0,111.8
0,223.6
0,55.9
0,111.8
0,223.6
0,51.2
0,111.8
0,223.6
0,51.2
0,111.8
0,223.6
0,111.8
0,111.8
0,111.8
0,119.2
0,119.2
0,167.7
0,223.6
0,223.6
0,111.8
0,223.6
0,238.5
0,223.6
0,111.8
0,111.8
0,111.8
0,111.8
0,111.8
0,111.8
0,111.8
0,111.8
0,111.8
0,111.8
0,111.8
0,111.8
0,111.8
0,111.8
0,111.8
0,111.8
0,111.8
0,111.8
0,111.8
0,111.8
0,111.8
0,111.8
0,111.8
0,111.8
0,111.8
0,111.8
0,111.8
0,111.8
0,111.8
0,111.8
0,111.8
0,223.6
0,223.6
0,223.6
0,223.6
0,223.6
0,223.6
0,223.6
0,223.6
0,223.6
0,223.6
0,223.6
0,223.6
0,223.6
0,223.6
0,223.6
0,223.6
0,223.6
0,223.6
0,223.6
0,223.6
0,223.6
0,223.6
0,223.6
0,223.6
0,223.6
0,223.6
0,223.6
0,223.6
0,223.6
0,223.6
0,223.6
0,223.6
0,223.6
0,223.6
0,223.6
0,223.6
0,223.6
0,223.6
0,223.6
0,223.6
0,223.6
0,223.6
0,223.6
0,223.6
0,223.6
0,223.6
0,223.6
0,223.6
0,447.1
0,447.1
0,447.1
0,447.1
0,447.1
0,447.1
0,447.1
0,447.1
0,447.1
0,447.1
0,447.1
0,447.1
0,447.1
0,447.1
0,447.1
0,447.1
0,447.1
0,447.1
0,447.1
0,447.1
0,894.3
0,335.5
0,476.9
0,56.3
0,59.6
0,59
0,59.6
0,74.5
0,670.7
0,894.3
0,88.5
0,111.8
0,111.8
0,55.9
0,55.9
0,111.8
0,111.8
0,238.5
0,476.9
0,953.9
0,238.5
0,476.9
0,223.6
0,238.5
0,7.4
0,260.8
0,894.3
0,953.9
0,238.5
0,476.9
0,119.2
0,238.5
0,476.9
0,447.1
0,111.8
0,111.8
0,111.8
0,223.6
0,223.6
0,223.6
0,447.1
0,447.1
0,447.1
0,223.6
0,111.8
0,111.8
0,223.6
0,447.1
0,119.2
0,119.2
0,238.5
0,238.5
0,476.9
0,476.9
0,953.9
0,238.5
0,476.9
0,447.1
0,111.8
0,111.8
0,238.5
0,111.8
0,111.8
0,111.8
0,111.8
0,119.2
0,223.6
0,223.6
0,238.5
0,55.9
0,55.9
0,55.9
0,59.6
0,55.9
0,119.2
0,238.5
0,447.1
0,238.5
0,238.5
0,953.9
0,476.9
0,238.5
0,476.9
0,238.5
0,238.5
0,476.9
0,476.9
0,119.2
0,119.2
0,93.2
0,14.3
0,7.1
0,238.5
0,238.5
0,111.8
0,111.8
0,223.6
0,238.5
0,335.3
0,476.9
0,596.2
0,953.9
0,238.5
0,447.1
0,238.5
0,30.3
0,29.8
0,29.8
0,238.4
0,59.6
0,59.6
0,238.5
0,953.9
0,476.9
0,476.9
0,111.8
0,118
0,223.6
0,55.9
0,55.9
0,59.6
0,238.5
0,111.8
0,111.8
0,223.6
0,223.6
0,111.8
0,111.8
0,119.2
0,238.5
0,447.1
0,476.9
0,476.9
0,223.6
0,111.8
0,29.8
0,111.8
0,931.5
0,223.6
0,447.1
0,55.9
0,111.8
0,59.6
0,120.4
0,29.8
0,59.6
0,111.8
0,223.6
0,111.8
0,447.1
0,111.8
0,447.1
0,111.8
0,931.5
0,223.6
0,447.1
0,55.9
0,111.8
0,223.6
0,447.1
0,111.8
0,111.8
0,223.6
0,238.5
0,119.2
0,119.2
0,119.2
0,238.4
0,476.9
0,223.6
0,111.8
0,223.6
0,447.1
0,953.9
0,476.9
0,953.9
0,476.9
0,111.8
0,223.6
0,931.5
0,223.6
0,447.1
0,111.8
0,223.6
0,447.1
0,894.3
0,953.9
0,119.2
0,238.5
0,476.9
0,223.6
0,447.1
0,953.9
0,238.5
0,476.9
0,223.6
0,238.5
0,953.9
0,238.5
0,476.9
0,953.9
0,119.2
0,238.5
0,476.9
0,953.9
0,1900
0,476.9
0,953.9
0,119.2
0,238.5
0,476.9
0,111.8
0,111.8
0,55.9
0,111.8
0,223.6
0,115.2
0,119.2
0,119.2
0,223.6
0,223.6
0,223.6
0,238.5
0,231
0,238.5
0,238.5
0,298.1
0,447.1
0,447.1
0,476.9
0,670.7
0,670.7
0,894.3
0,238.5
0,953.9
0,931.5
0,238.5
0,465.8
0,476.9
0,953.9
0,476.9
0,931.5
0,1800
0,953.9
0,1900
0,931.5
0,931.5
0,1800
0,111.8
0,238.5
0,238.5
0,372.6
0,119.2
0,238.5
0,119.2
0,111.8
0,119.2
0,223.6
0,447.1
0,111.8
0,29.8
0,111.8
0,447.1
0,223.6
0,29.1
0,29.1
0,29.1
0,29.1
0,58.2
0,58.2
0,58.2
0,58.2
0,58.2
0,58.2
0,116.5
0,116.5
0,232.9
0,111.8
0,223.6
0,465.8
0,931.5
0,931.5
0,1800
0,1800
0,2700
0,232.9
0,465.8
0,465.8
0,465.8
0,931.5
0,931.5
0,489
0,1800
0,2700
0,931.5
0,1800
0,465.8
0,931.5
0,1800
0,2700
0,3600
0,4500
0,5500
0,465.8
0,931.5
0,465.8
0,931.5
0,465.8
0,931.5
0,238.5
0,238.5
0,476.9
0,476.9
0,476.9
0,1800
0,3600
0,4500
0,931.5
0,1800
0,931.5
0,83.2
0,93.2
0,93
0,93.2
0,87.1
0,93.2
0,83.8
0,931.5
0,103.7
0,111.8
0,111.8
0,110.8
0,111.8
0,111.8
0,111.8
0,53.2
0,111.4
0,102.1
0,111.8
0,111.8
0,9.8
0,111.8
0,111.8
0,111.8
0,139.3
0,149
0,149
0,149
0,149
0,141.2
0,149
0,149
0,111.8
0,149
0,142.5
0,149
0,149
0,149
0,149
0,20
0,149
0,149
0,149
0,1800
0,18.6
0,186.3
0,186.3
0,176.2
0,186.3
0,76.8
0,227.3
0,232.8
0,232.9
0,232.9
0,232.9
0,232.9
0,50.7
0,232.9
0,232.9
0,232.9
0,232.9
0,232.9
0,68.4
0,220.4
0,232.9
0,232.9
0,232.9
0,232.9
0,232.9
0,232.1
0,232.9
0,232.9
0,232.8
0,232.9
0,116.2
0,232.9
0,232.9
0,111.7
0,232.9
0,149
0,279.4
0,27.9
0,27.9
0,27.9
0,298.1
0,298.1
0,298.1
0,298.1
0,31.9
0,298.1
0,298.1
0,282.4
0,298.1
0,298.1
0,298.1
0,48.8
0,298.1
0,298.1
0,296.9
0,298.1
0,298.1
0,149
0,298.1
0,290.6
0,298.1
0,298.1
0,290.5
0,298.1
0,298.1
0,298.1
0,298.1
0,298.1
0,298.1
0,298.1
0,298.1
0,298.1
0,148.8
0,298.1
0,32.2
0,20.5
0,37.3
0,37.3
0,37.3
0,37.3
0,37.3
0,37.3
0,27.1
0,37.3
0,37.3
0,361
0,131.6
0,372.6
0,465.8
0,465.8
0,465.8
0,453.4
0,465.8
0,453
0,465.8
0,465.8
0,465.8
0,465.8
0,465.8
0,465.8
0,465.8
0,465.8
0,465.8
0,465.8
0,465.8
0,465.8
0,465.8
0,465.8
0,465.8
0,465.8
0,465.8
0,465.8
0,465.8
0,449.5
0,41.2
0,55.9
0,29.3
0,55.9
0,55.9
0,55.9
0,53
0,55.9
0,55.9
0,38.7
0,55.9
0,30.1
0,55.9
0,55.9
0,28
0,55.9
0,596.2
0,596.2
0,596.2
0,596.2
0,596.2
0,596.2
0,596.2
0,580
0,596.2
0,596.2
0,596.2
0,596.2
0,596.2
0,698.6
0,675.7
0,698.6
0,698.6
0,698.6
0,698.6
0,71.1
0,74.5
0,74.5
0,69.5
0,74.5
0,74.5
0,9.8
0,65.9
0,74.5
0,74.5
0,58.6
0,74.5
0,74.5
0,74.5
0,74.5
0,1800
0,1400
0,298.1
0,298.1
0,298.1
0,298.1
0,465.8
0,465.8
0,465.8
0,465.8
0,596.2
0,698.6
0,698.6
0,298.1
0,465.8
0,698.6
0,931.5
0,931.5
0,931.5
0,931.5
0,465.8
0,931.5
0,931.5
0,298.1
0,465.8
0,931.5
0,465.8
0,465.8
0,223.6
0,298.1
0,465.8
0,465.8
0,465.8
0,298.1
0,465.8
0,465.8
0,931.5
0,465.8
0,465.8
0,931.5
0,1800
0,931.5
0,476.9
0,119.2
0,238.5
0,476.9
0,111.8
0,223.6
0,223.6
0,447.1
0,447.1
0,894.3
0,894.3
0,111.8
0,223.6
0,232.9
0,465.8
0,119.2
0,953.9
0,238.5
0,476.9
0,465.8
0,931.5
0,59.6
0,47.4
0,59.6
0,59.6
0,113.7
0,119.2
0,111.2
0,119.2
0,238.5
0,476.9
0,238.5
0,238.5
0,80
0,119.2
0,238.5
0,238.5
0,119.2
0,238.5
0,238.5
0,238.5
0,238.5
0,238.5
0,223.6
0,223.6
0,223.6
0,59.6
0,119.2
0,98.6
0,119.2
0,119.2
0,108.3
0,119.2
0,105.8
0,119.2
0,119.2
0,227.1
0,476.9
0,59.6
0,119.2
0,119.2
0,238.5
0,238.5
0,238.5
0,55.9
0,55.9
0,55.9
0,119.2
0,119.2
0,119.2
0,119.2
0,119.2
0,119.2
0,238.5
0,238.5
0,238.5
0,238.5
0,238.5
0,476.9
0,476.9
0,476.9
0,476.9
0,111.8
0,119.2
0,119.2
0,238.5
0,119.2
0,119.2
0,119.2
0,100.6
0,119.2
0,119.2
0,119.2
0,119.2
0,119.2
0,178.9
0,238.5
0,238.5
0,238.5
0,238.5
0,238.5
0,238.5
0,238.5
0,238.5
0,238.5
0,476.9
0,476.9
0,476.9
0,476.9
0,476.9
0,476.9
0,476.9
0,119.2
0,119.2
0,119.2
0,238.5
0,238.5
0,238.5
0,476.9
0,55.9
0,59.6
0,111.8
0,119.2
0,119.2
0,223.6
0,238.5
0,447.1
0,119.2
0,111.8
0,223.6
0,223.6
0,111.8
0,111.8
0,223.6
0,223.6
0,447.1
0,447.1
0,894.3
0,894.3
0,223.6
0,223.6
0,447.1
0,447.1
0,894.3
0,111.8
0,119.2
0,119.2
0,953.9
0,238.5
0,476.9
0,476.9
0,953.9
0,238.5
0,476.9
0,476.9
0,953.9
0,1900
0,953.9
0,238.5
0,476.9
0,953.9
0,238.5
0,238.5
0,476.9
0,476.9
0,232.9
0,465.8
0,1800
0,119.2
0,238.5
0,29.8
0,29.8
0,119.2
0,238.5
0,476.9
0,119.2
0,238.5
0,119.2
0,238.5
0,59.6
0,111.8
0,111.8
0,111.8
0,111.8
0,119.2
0,119.2
0,119.2
0,119.2
0,119.2
0,119.2
0,119.2
0,119.2
0,119.2
0,119.2
0,119.2
0,119.2
0,119.2
0,119.2
0,119.2
0,119.2
0,119.2
0,119.2
0,119.2
0,119.2
0,953.9
0,953.9
0,953.9
0,953.9
0,953.9
0,223.6
0,223.6
0,223.6
0,223.6
0,223.6
0,238.5
0,238.5
0,238.5
0,238.5
0,238.5
0,238.5
0,238.5
0,238.5
0,238.5
0,238.5
0,238.5
0,238.5
0,238.5
0,238.5
0,238.5
0,238.5
0,238.5
0,238.5
0,238.5
0,238.5
0,238.5
0,238.5
0,238.5
0,1900
0,29.8
0,29.8
0,29.8
0,29.8
0,29.8
0,29.8
0,447.1
0,447.1
0,465.8
0,476.9
0,476.9
0,476.9
0,476.9
0,476.9
0,476.9
0,476.9
0,476.9
0,476.9
0,476.9
0,476.9
0,476.9
0,476.9
0,476.9
0,476.9
0,59.6
0,59.6
0,59.6
0,59.6
0,59.6
0,59.6
0,59.6
0,59.6
0,59.6
0,59.6
0,59.6
0,119.2
0,931.5
0,238.5
0,447.1
0,119.2
0,238.5
0,476.9
0,111.8
0,111.8
0,119.2
0,119.2
0,931.5
0,232.9
0,232.9
0,232.9
0,238.5
0,238.5
0,465.8
0,465.8
0,465.8
0,465.8
0,476.9
0,465.8
0,119.2
0,223.6
0,29.5
0,223.6
0,119.2
0,223.6
0,238.5
0,476.9
0,953.9
0,476.9
0,238.5
0,476.9
0,238.5
0,476.9
0,119.2
0,119.2
0,238.5
0,238.5
0,476.9
0,29.8
0,59.6
0,59.6
0,119.2
0,119.2
0,119.2
0,238.5
0,238.5
0,476.9
0,149
0,232.9
0,118
0,223.6
0,111.8
0,119.2
0,223.6
0,238.5
0,111.8
0,223.6
0,447.1
0,111.8
0,119.2
0,119.2
0,111.8
0,119.2
0,223.6
0,476.9
0,953.9
0,119.2
0,238.5
0,476.9
0,953.9
0,1800
0,931.5
0,953.9
0,238.5
0,1900
0,476.9
0,476.9
0,953.9
0,111.8
0,111.8
0,931.5
0,223.4
0,232.9
0,238.5
0,1800
0,465.8
0,476.9
0,894.1
0,223.4
0,447
0,894.1
0,931.5
0,55.9
0,447.1
0,55.9
0,111.8
0,223.6
0,447.1
0,111.8
0,223.6
0,447.1
0,149
0,111.8
0,223.6
0,447.1
0,238.5
0,476.9
0,476.9
0,476.9
0,931.5
0,931.5
0,931.5
0,931.5
0,931.5
0,931.5
0,931.5
0,232.9
0,232.9
0,279.4
0,279.4
0,465.8
0,465.8
0,465.8
0,465.8
0,465.8
0,460.7
0,698.6
0,931.5
0,1800
0,465.8
0,1800
0,931.4
0,931.5
0,238.5
0,465.8
0,931.5
0,232.9
0,465.8
0,931.5
0,232.9
0,465.8
0,931.5
0,465.8
0,931.5
0,465.8
0,931.5
0,1800
0,465.8
0,931.5
0,1800
0,931.5
0,931.5
0,232.9
0,465.8
0,931.5
0,931.5
0,232.9
0,465.8
0,931.5
0,1800
0,232.9
0,465.8
0,476.9
0,238.5
0,953.9
0,119.2
0,238.5
0,476.9
0,119.2
0,238.5
0,476.9
0,119.2
0,476.9
0,476.9
0,953.9
0,238.5
0,476.9
0,953.9
0,238.5
0,476.9
0,476.9
0,953.9
0,953.9
0,476.9
0,476.9
0,953.9
0,476.9
0,953.9
0,238.5
0,476.9
0,476.9
0,953.9
0,238.5
0,476.9
0,1900
0,953.9
0,953.9
0,238.5
0,476.9
0,476.9
0,953.9
0,238.5
0,476.9
0,953.9
0,59.5
0,119.1
0,238.5
0,93.2
0,931.5
0,931.5
0,146.5
0,931.5
0,931.5
0,931.5
0,1000
0,931.5
0,931.5
0,931.5
0,931.5
0,931.5
0,931.5
0,931.5
0,931.5
0,931.5
0,9100
0,9100
0,931.5
0,931.5
0,931.5
0,931.5
0,931.5
0,931.5
0,931.5
0,931.5
0,931.5
0,931.5
0,931.5
0,931.5
0,931.5
0,931.5
0,97.7
0,931.5
0,931.5
0,232.9
0,931.5
0,931.5
0,953.9
0,931.5
0,931.5
0,931.5
0,931.5
0,931.5
0,931.5
0,931.5
0,931.5
0,931.5
0,946.4
0,931.5
0,931.5
0,931.5
0,931.5
0,199
0,931.5
0,111.8
0,106.8
0,111.8
0,111.8
0,111.8
0,111.8
0,111.8
0,111.8
0,38.4
0,111.8
0,111.8
0,111.8
0,10900
0,139.7
0,139.7
0,139.7
0,139.7
0,139.7
0,139.7
0,139.7
0,100
0,1400
0,1400
0,1400
0,1400
0,1400
0,1400
0,1400
0,1400
0,149
0,52.4
0,149
0,149
0,149
0,149
0,149
0,141
0,149
0,148.9
0,149
0,149
0,148.9
0,149
0,49.8
0,148.9
0,149.1
0,148.9
0,149
0,149
0,149
0,149
0,149
0,39.1
0,149
0,149
0,149
0,149
0,149
0,149
0,149
0,149
0,149
0,149
0,149
0,128
0,149
0,153.4
0,149
0,153.4
0,153.4
0,153.4
0,149
0,149
0,186.3
0,1800
0,1800
0,186.3
0,186.3
0,93.2
0,186.3
0,1800
0,1800
0,1800
0,1800
0,1800
0,1800
0,1800
0,1800
0,1800
0,1800
0,18.6
0,18.6
0,9.8
0,1800
0,1800
0,1800
0,1800
0,1800
0,1800
0,1800
0,1800
0,1800
0,1800
0,1800
0,1800
0,1800
0,1800
0,1800
0,128
0,232.9
0,232.9
0,232.9
0,232.9
0,232.9
0,232.9
0,232.9
0,48.8
0,232.9
0,232.9
0,232.9
0,232.9
0,232.9
0,232.9
0,232.9
0,232.9
0,232.9
0,232.9
0,232.9
0,232.9
0,232.9
0,232.9
0,232.9
0,232.9
0,232.9
0,232.9
0,232.9
0,232.9
0,232.9
0,232.9
0,232.9
0,233.8
0,233.8
0,233.8
0,232.8
0,29.3
0,233.7
0,232.9
0,2300
0,2300
0,279.5
0,279.5
0,279.5
0,279.5
0,279.4
0,279.5
0,279.5
0,259.7
0,279.5
0,2700
0,2700
0,27.9
0,27.9
0,2000
0,2700
0,2700
0,2700
0,2000
0,2700
0,2700
0,2700
0,298.1
0,296.6
0,298.1
0,298.1
0,298.1
0,298.1
0,298.1
0,298.1
0,298.1
0,298.1
0,60
0,298.1
0,48.8
0,298.1
0,298.1
0,294
0,298.1
0,298.1
0,298.1
0,48.8
0,298.1
0,298.1
0,298.1
0,298.1
0,298.1
0,298.1
0,298.1
0,298.1
0,298.1
0,298.1
0,298.1
0,298.1
0,298.1
0,298.1
0,298.1
0,298.1
0,298.1
0,298.1
0,298.1
0,298.1
0,298.1
0,298.1
0,97.7
0,34.5
0,29.3
0,34.5
0,362.5
0,372.6
0,372.6
0,372.6
0,3600
0,3600
0,372.6
0,372.6
0,372.6
0,372.6
0,3600
0,3600
0,3600
0,3600
0,3600
0,37.3
0,37.3
0,37.3
0,37.3
0,37.3
0,37.3
0,37.3
0,37.3
0,35.6
0,3600
0,3600
0,3600
0,3600
0,3600
0,3600
0,3600
0,419.1
0,419.2
0,465.8
0,465.8
0,459.6
0,465.8
0,465.8
0,465.8
0,465.8
0,238.5
0,465.8
0,465.8
0,465.8
0,465.8
0,465.8
0,465.8
0,465.8
0,465.7
0,465.8
0,465.8
0,465.8
0,465.8
0,465.8
0,465.8
0,465.8
0,465.8
0,465.8
0,465.8
0,465.8
0,465.8
0,465.8
0,465.8
0,465.8
0,465.8
0,465.8
0,465.8
0,480.7
0,465.8
0,465.8
0,465.8
0,465.8
0,465.8
0,465.8
0,465.8
0,465.8
0,465.8
0,465.8
0,465.8
0,465.8
0,216.8
0,465.8
0,4500
0,465.8
0,465.8
0,465.8
0,465.8
0,465.8
0,558.9
0,558.9
0,5500
0,5500
0,5500
0,55.9
0,54.9
0,55.9
0,55.9
0,52.6
0,55.9
0,5500
0,5500
0,5500
0,596.2
0,596.2
0,596.2
0,596.2
0,596.2
0,596.2
0,596.2
0,596.2
0,596.2
0,596.2
0,69.2
0,68.9
0,69.2
0,69.2
0,698.6
0,698.6
0,698.6
0,698.6
0,698.6
0,698.6
0,698.6
0,698.6
0,698.6
0,698.6
0,698.6
0,698.6
0,698.6
0,698.6
0,698.6
0,698.6
0,698.6
0,698.6
0,713.5
0,698.6
0,698.6
0,698.6
0,698.6
0,698.6
0,745.1
0,7300
0,7300
0,74.5
0,74.5
0,74.5
0,74.5
0,74.5
0,74.5
0,74.5
0,74.5
0,74.3
0,74.5
0,74.5
0,74.5
0,74.5
0,74.5
0,74.5
0,74.4
0,74.5
0,74.5
0,74.5
0,74.5
0,71.5
0,753.3
0,7300
0,7300
0,7300
0,7300
0,7300
0,931.5
0,465.8
0,953.9
0,238.5
0,476.9
0,1900
0,931.5
0,232.9
0,232.9
0,465.8
0,465.8
0,931.5
0,931.5
0,931.5
0,931.5
0,931.5
0,931.5
0,931.5
0,931.5
0,931.5
0,931.5
0,111.8
0,111.8
0,111.8
0,111.8
0,111.8
0,111.8
0,111.8
0,1800
0,1800
0,1800
0,1800
0,223.6
0,223.6
0,223.6
0,223.6
0,223.6
0,223.6
0,223.6
0,232.9
0,232.9
0,232.9
0,232.9
0,232.9
0,232.9
0,232.9
0,232.9
0,232.9
0,447.1
0,447.1
0,447.1
0,465.8
0,465.8
0,465.8
0,465.8
0,465.8
0,465.8
0,465.8
0,465.8
0,465.8
0,465.8
0,465.8
0,465.8
0,476.9
0,894.3
0,223.6
0,447.1
0,931.5
0,931.5
0,111.8
0,1800
0,232.9
0,465.8
0,119.2
0,238.5
0,931.5
0,931.5
0,931.5
0,931.5
0,931.5
0,931.5
0,931.5
0,931.5
0,931.5
0,931.5
0,931.5
0,931.5
0,931.5
0,931.5
0,931.5
0,931.5
0,931.5
0,1800
0,1800
0,465.8
0,465.8
0,465.8
0,465.8
0,465.8
0,465.8
0,223.6
0,28.9
0,238.5
0,223.6
0,238.5
0,931.5
0,931.5
0,931.5
0,931.5
0,931.5
0,139.6
0,149
0,1800
0,232.9
0,298.1
0,37.3
0,465.8
0,465.8
0,465.8
0,558.9
0,698.6
0,698.9
0,447.1
0,111.8
0,223.6
0,447.1
0,894.3
0,476.9
0,1900
0,238.5
0,476.9
0,953.9
0,238.5
0,476.9
0,953.9
0,1900
0,476.9
0,953.9
0,1800
0,931.5
0,238.5
0,476.9
0,953.9
0,1900
0,476.9
0,953.9
0,1900
0,953.9
0,953.9
0,465.8
0,931.5
0,1900
0,238.5
0,3600
0,476.9
0,953.9
0,111.8
0,447.1
0,894.3
0,447.1
0,111.8
0,119.2
0,223.6
0,238.5
0,447.1
0,476.9
0,119.2
0,238.5
0,476.9
0,111.8
0,59.6
0,111.8
0,111.8
0,223.6
0,223.6
0,111.8
0,223.6
0,111.8
0,119.2
0,119.2
0,238.5
0,238.5
0,447.1
0,111.8
0,223.6
