0,0.799233
0,0.674764
0,0.830358
0,0.666667
0,1.067498
0,0.985367
0,0.697107
0,1.0375
0,0.712251
0,1.048218
0,1.100485
0,1.07257
0,1.102597
0,0.75358
0,1.115698
0,0.961862
0,0.997307
0,1.02994
0,0.790639
0,0.664011
0,0.796622
0,0.600962
0,0.821322
0,0.923873
0,0.628268
0,0.663372
0,0.923105
0,0.969974
0,0.813339
0,0.83619
0,1.011225
0,0.665469
0,0.966697
0,0.743771
0,0.908513
0,0.710934
0,1.040431
0,0.973047
0,0.815062
0,0.611283
0,0.576294
0,1.073768
0,1.098961
0,0.672269
0,0.798722
0,0.624867
0,0.840822
0,1.017915
0,0.936812
0,1.076426
0,0.789079
0,1.033058
0,1.012863
0,0.803406
0,0.929973
0,1.061954
0,0.815661
0,0.672924
0,0.881294
0,0.817661
0,0.670466
0,0.788457
0,0.652529
0,1.014091
0,0.675813
0,1.099626
0,1.076374
0,1.034132
0,0.78796
0,0.66836
0,0.677507
0,0.831463
0,0.945537
0,0.763563
0,1.019581
0,1.132189
0,1.084834
0,0.93362
0,0.685636
0,0.598211
0,0.809651
0,1.074755
0,0.655308
0,0.94422
0,1.06969
0,0.861698
0,0.67155
0,0.687758
0,0.764234
0,0.796622
0,0.98959
0,0.66778
0,0.761538
0,0.797639
0,1.102171
0,0.711845
0,1.046841
0,0.589602
0,1.062394
0,1.104204
0,0.58818
0,1.01005
0,1.272119
0,0.710581
0,1.095362
0,1.061199
0,0.67987
0,1.120053
0,1.046835
0,0.819639
0,0.609292
0,0.8141
0,1.001402
0,1.01251
0,0.614855
0,0.962024
0,0.900714
0,0.883392
0,0.792205
0,0.564834
0,1.089087
0,1.189372
0,0.889442
0,0.685401
0,0.645494
0,0.706364
0,0.785361
0,0.818029
0,0.796337
0,0.712606
0,0.607017
0,0.674759
0,0.992211
0,0.715001
0,0.973189
0,0.579143
0,0.65475
0,0.999001
0,0.864865
0,1.008522
0,1.051027
0,0.680041
0,1.036216
0,1.031029
0,0.623539
0,0.785855
0,0.811326
0,0.575754
0,0.69735
0,0.987947
0,1.120323
0,1.048988
0,0.627771
0,0.944644
0,1.104442
0,1.061447
0,0.805737
0,0.785423
0,0.585138
0,0.751597
0,0.652699
0,0.960108
0,0.718288
0,1.009846
0,0.70373
0,1.074258
0,0.66024
0,1.054902
0,0.932314
0,0.810898
0,0.793242
0,1.155402
0,0.677048
0,0.608199
0,0.773395
0,1.070125
0,0.82335
0,0.838364
0,0.669344
0,0.984543
0,0.659196
0,1.105871
0,0.65445
0,0.719424
0,0.767607
0,0.859513
0,0.666023
0,0.673854
0,0.757863
0,0.78376
0,1.008776
0,1.003764
0,0.858155
0,0.833264
0,1.129305
0,1.023337
0,1.146257
0,0.967783
0,1.127949
0,0.589067
0,0.692041
0,0.791609
0,0.800641
0,0.609743
0,0.803955
0,0.597028
0,0.788488
0,0.652844
0,0.716589
0,0.921532
0,0.76646
0,0.95048
0,1.050895
0,1.039669
0,0.788924
0,0.69808
0,1.081315
0,0.699545
0,0.676819
0,0.626331
0,1.130467
0,1.015847
0,0.695555
0,0.781769
0,0.8108
0,0.71582
0,0.665469
0,0.908843
0,0.9579
0,1.103588
0,0.719496
0,0.720254
0,0.826241
0,0.935078
0,1.07461
0,0.772857
0,0.616918
0,1.121007
0,0.672043
0,0.670691
0,1.008075
0,0.677048
0,0.775795
0,1.068781
0,0.613477
0,0.682035
0,0.593635
0,1.066633
0,0.581888
0,0.592979
0,0.831428
0,0.932314
0,0.921906
0,0.841255
0,0.652529
0,0.830361
0,0.754432
0,0.902975
0,1.100776
0,0.710985
0,1.042079
0,0.832986
0,0.689893
0,0.923361
0,0.826105
0,0.819034
0,0.60595
0,0.800961
0,0.811063
0,1.071455
0,0.966894
0,0.98432
0,1.140563
0,0.77821
0,0.561163
0,0.671366
0,0.78064
0,0.863185
0,1.014291
0,0.603064
0,0.923368
0,0.682827
0,0.728067
0,0.936124
0,0.654236
0,0.800384
0,1.274665
0,1.031683
0,1.083377
0,1.266737
0,0.678196
0,0.84023
0,1.092675
0,1.063321
0,0.827472
0,0.856935
0,1.007521
0,0.657895
0,0.863931
0,1.010714
0,0.690179
0,1.015981
0,0.589102
0,1.057641
0,0.987264
0,1.046616
0,0.868659
0,0.687049
0,1.037662
0,0.867679
0,0.990334
0,0.681431
0,0.708466
0,0.763534
0,0.968162
0,1.056585
0,0.711238
0,1.058022
0,0.883392
0,0.705339
0,0.672948
0,0.882465
0,0.676865
0,0.881523
0,0.666289
0,0.603427
0,1.019565
0,0.755801
0,1.103972
0,0.85419
0,1.033912
0,0.977986
0,1.139991
0,0.678887
0,0.601486
0,0.873859
0,1.11818
0,1.076264
0,0.711238
0,0.589828
0,0.589136
0,0.933228
0,0.852115
0,0.599341
0,0.696961
0,0.776096
0,0.675128
0,0.69979
0,0.782779
0,0.673174
0,0.700378
0,0.962371
0,1.023222
0,0.879121
0,0.671817
0,0.676473
0,1.088779
0,0.670017
0,0.666844
0,1.098696
0,0.770386
0,1.023489
0,1.070017
0,0.663415
0,1.065769
0,0.726956
0,1.132144
0,0.781494
0,1.110679
0,0.869338
0,1.143694
0,1.101977
0,0.671276
0,0.829325
0,0.992349
0,0.596992
0,0.976796
0,1.105547
0,0.859587
0,1.027961
0,0.708354
0,0.705965
0,0.669389
0,0.796083
0,1.134102
0,1.132708
0,0.723983
0,0.710732
0,0.686813
0,0.792299
0,0.799041
0,0.711491
0,0.650957
0,1.053674
0,0.721397
0,0.815661
0,0.662998
0,0.83212
0,0.891941
0,0.821693
0,0.83661
0,0.583399
0,1.179482
0,1.06849
0,0.908884
0,1.016735
0,1.118844
0,0.78064
0,0.73959
0,1.075269
0,0.657462
0,0.684733
0,0.984804
0,0.959141
0,0.681964
0,1.070131
0,0.791515
0,0.665203
0,0.802246
0,0.947733
0,0.882106
0,0.801796
0,0.676819
0,0.924633
0,0.683793
0,0.720254
0,0.715205
0,0.954335
0,0.965624
0,1.103022
0,0.676819
0,1.078423
0,0.70186
0,0.649182
0,0.786782
0,0.938967
0,0.778938
0,0.788395
0,0.801507
0,0.682967
0,1.047268
0,0.804246
0,0.769704
0,0.763068
0,1.07996
0,0.788333
0,0.695265
0,0.972006
0,0.811425
0,0.586084
0,1.030641
0,0.680365
0,0.943752
0,0.828981
0,0.790826
0,0.828706
0,1.113865
0,0.681896
0,0.649899
0,0.705119
0,0.816993
0,1.087382
0,0.926226
0,1.041499
0,0.690131
0,1.072386
0,1.193887
0,1.073693
0,0.833472
0,1.092132
0,1.027163
0,0.855286
0,0.687002
0,0.686907
0,1.049698
0,1.113338
0,0.832848
0,0.87604
0,0.773395
0,0.668226
0,0.986047
0,0.989027
0,1.136616
0,0.997526
0,1.103479
0,0.672948
0,0.768433
0,1.171303
0,0.74195
0,1.116451
0,0.697788
0,0.885465
0,0.719839
0,0.693674
0,0.680735
0,0.918316
0,0.66538
0,0.626966
0,1.193175
0,0.727961
0,1.038157
0,0.959159
0,0.676956
0,0.653595
0,0.66313
0,1.02757
0,0.866551
0,0.737518
0,0.654438
0,0.689941
0,0.563364
0,0.672043
0,0.786937
0,0.948317
0,0.84311
0,0.94304
0,1.060176
0,0.983043
0,1.043732
0,0.573592
0,0.609162
0,0.740192
0,0.770158
0,0.928617
0,0.800961
0,0.750469
0,1.040599
0,0.580587
0,0.902039
0,1.00713
0,1.055922
0,0.674172
0,0.66778
0,0.967024
0,0.879121
0,0.584435
0,1.053463
0,0.941708
0,0.738716
0,0.662865
0,1.067954
0,0.71048
0,1.065303
0,1.027063
0,0.859956
0,0.599449
0,1.062524
0,0.947544
0,0.780945
0,1.138848
0,0.857633
0,1.03509
0,1.140862
0,0.876578
0,0.634115
0,0.695169
0,0.704225
0,0.686813
0,0.765111
0,0.871992
0,1.079447
0,0.820681
0,0.793053
0,0.921362
0,0.868885
0,0.984465
0,0.670691
0,0.58548
0,0.705965
0,1.031646
0,0.976944
0,0.951303
0,0.908678
0,0.689845
0,0.676361
0,0.939761
0,0.781891
0,0.791327
0,1.034132
0,0.847099
0,0.829944
0,0.666912
0,0.873362
0,0.824097
0,0.599616
0,0.665336
0,0.839983
0,1.103479
0,0.794913
0,0.877039
0,1.091703
0,0.827712
0,0.741207
0,1.020669
0,1.08659
0,1.186986
0,1.013212
0,1.115449
0,0.684463
0,0.817327
0,0.735998
0,0.661924
0,1.099155
0,0.644745
0,0.948317
0,0.83661
0,0.797067
0,1.080328
0,0.67981
0,1.08593
0,0.61177
0,0.672088
0,0.641054
0,0.855395
0,0.656599
0,0.747943
0,0.671141
0,1.109016
0,0.733487
0,1.058313
0,1.123141
0,0.692041
0,0.774533
0,0.781861
0,0.56227
0,0.6744
0,1.045484
0,1.00694
0,1.085464
0,1.119188
0,0.829531
0,0.58199
0,0.767489
0,1.068091
0,1.088074
0,0.605462
0,1.122013
0,0.759907
0,0.798212
0,1.014456
0,1.001492
0,0.677048
0,0.80538
0,0.808342
0,0.794534
0,0.608542
0,1.017915
0,0.658762
0,0.769941
0,0.642013
0,0.579089
0,0.8285
0,0.750469
0,0.967258
0,0.65102
0,1.048218
0,0.639284
0,0.783085
0,1.060327
0,0.895095
0,1.025573
0,1.018984
0,1.037883
0,0.74118
0,0.714541
0,0.664851
0,1.102925
0,1.088198
0,0.717875
0,1.074114
0,1.231497
0,0.775825
0,0.835422
0,0.825696
0,0.855798
0,1.078446
0,0.763854
0,0.684229
0,0.784314
0,0.720981
0,1.072685
0,0.701115
0,0.814797
0,0.792267
0,0.760167
0,0.985804
0,0.782228
0,1.080824
0,0.724743
0,0.705965
0,0.774893
0,0.678242
0,0.974564
0,0.683247
0,0.768965
0,1.043907
0,0.83661
0,0.747105
0,0.957029
0,0.804699
0,0.673401
0,1.116757
0,1.022411
0,0.852232
0,0.81606
0,0.652742
0,0.776548
0,1.084981
0,1.086484
0,0.690948
0,0.739481
0,1.03054
0,0.666978
0,0.778695
0,1.078743
0,0.87108
0,0.693025
0,0.672495
0,1.086366
0,1.032418
0,0.983333
0,0.826344
0,0.774954
0,0.804441
0,0.801957
0,0.76643
0,0.673083
0,0.833472
0,0.914913
0,1.073094
0,0.849546
0,0.795798
0,0.801539
0,0.85034
0,0.832639
0,0.629001
0,0.76861
0,0.691802
0,1.012417
0,0.966894
0,1.107493
0,0.712251
0,1.050459
0,1.132182
0,0.78125
0,0.739645
0,1.005197
0,0.790014
0,1.053419
0,0.870405
0,0.986787
0,0.936093
0,0.805964
0,1.070928
0,0.810012
0,0.778452
0,0.842105
0,0.977522
0,0.880925
0,0.722961
0,1.009688
0,0.658501
0,0.66379
0,0.880708
0,0.827267
0,0.684229
0,1.042699
0,1.05591
0,0.751597
0,0.769527
0,0.866176
0,0.694686
0,0.715564
0,1.134353
0,0.831532
0,0.807379
0,0.799041
0,0.572123
0,0.738934
0,0.654236
0,1.047713
0,1.045478
0,0.794913
0,0.591349
0,0.58782
0,0.82021
0,0.70661
0,0.887115
0,0.865052
0,0.924428
0,0.685401
0,0.678887
0,0.830048
0,0.782228
0,0.68526
0,0.801828
0,0.967024
0,1.036823
0,0.847889
0,0.6744
0,0.862664
0,1.026589
0,1.042862
0,1.02459
0,0.708717
0,0.780031
0,1.065303
0,0.710732
0,0.678702
0,0.603742
0,1.113177
0,0.808963
0,0.673582
0,0.833924
0,0.720617
0,0.674172
0,1.031475
0,0.697837
0,0.580773
0,0.668539
0,0.602156
0,0.814481
0,0.752106
0,0.990688
0,0.859882
0,1.092741
0,0.965344
0,1.030641
0,0.745434
0,0.730247
0,0.760746
0,1.067578
0,0.831324
0,1.013993
0,1.121139
0,0.988377
0,1.013212
0,0.870322
0,1.024443
0,0.78765
0,0.97561
0,0.693241
0,1.039933
0,0.75815
0,0.900763
0,0.725584
0,0.870701
0,1.076844
0,1.01916
0,0.708968
0,0.751033
0,1.132375
0,0.772201
0,0.72685
0,0.762951
0,0.796242
0,0.67981
0,0.680133
0,1.020512
0,0.826344
0,0.800224
0,0.641952
0,0.894015
0,0.705965
0,0.881057
0,0.789515
0,0.578957
0,1.089206
0,0.797766
0,0.771605
0,0.769764
0,0.890036
0,1.141683
0,1.025326
0,0.772618
0,0.987459
0,0.879044
0,0.744048
0,0.604875
0,1.01273
0,0.68937
0,0.782473
0,0.580046
0,0.674924
0,1.037065
0,0.87604
0,1.068616
0,0.75959
0,0.787805
0,0.726639
0,1.068913
0,0.645786
0,1.108856
0,0.557591
0,1.088803
0,0.922935
0,1.147249
0,0.78061
0,0.982733
0,1.063536
0,0.670579
0,0.819135
0,1.030721
0,0.581348
0,0.743384
0,0.798021
0,1.034447
0,0.600709
0,0.774593
0,0.885583
0,0.775795
0,0.687758
0,0.669344
0,0.658979
0,1.130953
0,1.302762
0,0.827198
0,0.959693
0,1.036973
0,0.832778
0,1.0248
0,1.04901
0,0.671501
0,0.728067
0,0.675676
0,1.09577
0,0.781311
0,0.655523
0,1.102189
0,0.660284
0,0.909178
0,0.998851
0,0.663702
0,0.810012
0,0.679666
0,0.773276
0,1.120825
0,1.086661
0,0.799904
0,1.022223
0,1.061346
0,0.771605
0,0.605903
0,1.079914
0,1.054035
0,1.063536
0,0.823723
0,0.832362
0,1.025431
0,0.825764
0,1.013274
0,1.040583
0,0.857412
0,0.783085
0,0.804732
0,0.753012
0,1.120128
0,0.659326
0,0.768049
0,0.839701
0,0.695169
0,0.682827
0,0.829359
0,1.126634
0,1.224785
0,0.773934
0,0.697934
0,0.835736
0,0.802729
0,0.980075
0,1.097629
0,0.773994
0,0.675584
0,0.673854
0,1.058907
0,1.013813
0,1.072501
0,0.694686
0,0.777303
0,0.615366
0,0.777303
0,1.09505
0,0.664364
0,0.859919
0,0.789889
0,1.032258
0,0.688658
0,0.669702
0,0.874279
0,1.015703
0,0.783699
0,0.712454
0,0.740905
0,0.727431
0,0.727696
0,1.021503
0,0.617189
0,1.019223
0,0.613365
0,0.972195
0,0.946298
0,1.099874
0,0.743771
0,0.584414
0,1.080812
0,0.761093
0,0.749344
0,1.093518
0,0.764818
0,1.055989
0,1.035095
0,0.949487
0,1.108666
0,0.79713
0,0.679348
0,0.669792
0,1.078702
0,1.074114
0,0.862441
0,0.977565
0,0.810898
0,1.02459
0,0.789422
0,0.800288
0,0.837767
0,0.778513
0,0.882729
0,0.595912
0,0.790326
0,0.800576
0,0.666089
0,1.035465
0,1.064271
0,0.791452
0,1.03197
0,1.016539
0,1.012422
0,0.638692
0,0.562261
0,0.971157
0,1.048328
0,0.970921
0,1.021513
0,1.124404
0,1.036925
0,0.68975
0,0.862738
0,0.601866
0,1.128541
0,1.020408
0,0.609345
0,0.589717
0,0.672721
0,0.807559
0,0.914578
0,0.814166
0,1.08454
0,1.115997
0,0.786287
0,0.796337
0,1.013069
0,0.945269
0,0.764468
0,1.129944
0,1.084258
0,0.808489
0,1.097755
0,1.103022
0,0.777122
0,0.749457
0,1.084875
0,0.966744
0,1.029548
0,0.877155
0,0.974042
0,0.928505
0,1.138887
0,0.736323
0,0.68573
0,1.070928
0,1.048471
0,0.804343
0,0.867717
0,0.664673
0,0.83091
0,0.829731
0,0.604864
0,0.774204
0,0.793651
0,0.848896
0,0.806842
0,0.682687
0,1.030923
0,1.102828
0,0.603815
0,0.671908
0,0.673627
0,0.718804
0,0.673854
0,1.029548
0,1.042644
0,1.200322
0,0.946074
0,0.782457
0,1.023489
0,0.627825
0,0.801394
0,0.964413
0,1.041341
0,0.764468
0,1.092478
0,0.757289
0,0.773754
0,1.080672
0,0.665336
0,0.761035
0,1.030992
0,1.051193
0,0.695894
0,0.755173
0,0.659413
0,0.96432
0,0.75643
0,1.059305
0,0.724375
0,1.028568
0,1.011675
0,1.03929
0,0.837731
0,1.040042
0,1.048878
0,1.117518
0,1.007389
0,0.704722
0,0.654879
0,0.815129
0,1.084199
0,1.031933
0,1.025115
0,0.922126
0,0.73918
0,0.689417
0,1.12163
0,0.980435
0,1.024853
0,0.828295
0,0.766871
0,0.667557
0,0.554622
0,0.878002
0,0.782075
0,0.840866
0,0.984417
0,1.037075
0,1.032397
0,0.803406
0,1.113016
0,1.037086
0,1.06553
0,1.0294
0,1.032455
0,1.016002
0,1.019981
0,0.928816
0,0.863782
0,0.585212
0,1.154201
0,0.669389
0,0.708466
0,0.937497
0,1.155402
0,1.128159
0,0.785855
0,0.942152
0,1.066974
0,0.840336
0,0.771605
0,1.119081
0,1.069576
0,1.224035
0,0.733676
0,1.230663
0,1.037436
0,0.989609
0,0.830565
0,1.004319
0,0.640164
0,0.706414
0,1.093135
0,1.036355
0,0.683948
0,1.017915
0,0.557016
0,0.764526
0,1.057725
0,0.921192
0,0.960154
0,0.701262
0,1.137656
0,1.074524
0,1.067578
0,0.702993
0,1.006391
0,1.027538
0,0.79466
0,1.134893
0,0.74184
0,1.058369
0,0.695652
0,1.015074
0,0.674992
0,0.96857
0,0.784806
0,0.85408
0,0.831566
0,0.783331
0,0.95429
0,1.010918
0,0.979624
0,1.025746
0,0.633995
0,0.603511
0,0.737735
0,0.847099
0,0.667423
0,0.706265
0,1.06067
0,0.870815
0,0.828775
0,0.700035
0,1.116994
0,0.77912
0,1.001402
0,0.833438
0,0.708215
0,0.820378
0,1.127231
0,0.959785
0,0.945269
0,0.705219
0,1.093374
0,0.639182
0,0.772678
0,0.676567
0,0.658762
0,0.9127
0,0.979965
0,1.015744
0,0.959463
0,0.697204
0,0.61336
0,1.003764
0,0.792896
0,0.729395
0,1.009184
0,0.802568
0,0.780214
0,1.023646
0,1.028331
0,0.691802
0,0.719166
0,0.930969
0,0.816293
0,1.005834
0,0.807298
0,0.710732
0,0.999001
0,0.684697
0,0.868757
0,0.872334
0,0.913617
0,0.775795
0,0.561703
0,0.792079
0,0.908989
0,0.675037
0,1.06383
0,1.053552
0,0.870095
0,0.78061
0,1.057272
0,0.855615
0,1.062248
0,0.700624
0,0.610426
0,0.959371
0,0.908273
0,0.807755
0,1.072582
0,0.665956
0,1.021242
0,0.700035
0,1.092126
0,0.800865
0,0.759878
0,1.075489
0,1.132464
0,0.765931
0,0.858885
0,0.78125
0,1.096191
0,0.757863
0,0.843312
0,0.958911
0,0.761035
0,1.079447
0,0.786782
0,1.036216
0,0.813223
0,1.017553
0,0.58049
0,0.748503
0,0.610373
0,0.675539
0,1.098418
0,1.04455
0,1.031358
0,0.796622
0,0.690608
0,0.815601
0,0.627811
0,1.024685
0,1.079447
0,0.680272
0,1.154881
0,0.78235
0,0.813537
0,0.704871
0,0.675447
0,0.609783
0,0.762573
0,0.901713
0,0.663172
0,0.778271
0,0.731689
0,0.786473
0,0.577511
0,1.056
0,0.591493
0,0.838891
0,0.761151
0,0.662865
0,0.599916
0,0.74239
0,1.020356
0,0.993838
0,0.668315
0,0.832709
0,1.026589
0,1.023568
0,1.083136
0,0.815528
0,0.605206
0,0.711744
0,0.937444
0,0.673854
0,0.729927
0,0.671276
0,0.600709
0,0.672948
0,1.03867
0,0.787805
0,0.805153
0,1.021826
0,0.688658
0,0.972346
0,1.105308
0,1.105791
0,0.998418
0,0.606428
0,0.843775
0,0.650491
0,0.841326
0,0.943396
0,0.613177
0,0.706464
0,0.582445
0,1.03854
0,0.633854
0,0.666667
0,0.649984
0,0.716178
0,0.629174
0,1.011736
0,0.764526
0,0.684838
0,0.79869
0,0.83022
0,0.929774
0,0.607655
0,1.053802
0,0.746269
0,0.685542
0,0.672743
0,0.760746
0,1.017553
0,0.79384
0,0.734754
0,0.676224
0,0.754774
0,0.814001
0,1.013859
0,0.670556
0,0.747664
0,1.089004
0,0.963206
0,0.759965
0,0.671006
0,0.717103
0,1.017718
0,1.077354
0,1.087086
0,0.756086
0,0.549739
0,0.68451
0,0.686106
0,0.758438
0,0.798882
0,0.669389
0,0.927395
0,0.732923
0,0.869187
0,1.10834
0,0.81666
0,0.977522
0,0.763359
0,0.654879
0,0.565466
0,1.071984
0,0.770475
0,1.257134
0,0.930726
0,0.932053
0,0.785731
0,1.026973
0,0.704722
0,0.996363
0,0.685777
0,0.748671
0,0.87146
0,0.891039
0,1.123867
0,1.022882
0,1.063536
0,0.802504
0,0.84987
0,0.676911
0,0.801892
0,0.685636
0,0.839631
0,1.19696
0,1.000951
0,0.654879
0,0.68937
0,0.603573
0,0.971062
0,0.850304
0,0.82481
0,0.602882
0,0.974721
0,0.662559
0,0.797226
0,0.829187
0,1.073595
0,0.647962
0,0.792958
0,0.686625
0,0.905346
0,0.99108
0,0.765199
0,0.663106
0,0.965065
0,0.794092
0,1.023667
0,0.94353
0,0.600078
0,1.000996
0,0.831428
0,0.694203
0,0.737191
0,1.13071
0,1.162358
0,0.845094
0,0.908306
0,1.031289
0,0.687569
0,0.645369
0,0.867077
0,1.099662
0,0.92804
0,0.804311
0,0.677277
0,0.56392
0,1.097984
0,0.834864
0,0.702741
0,0.671006
0,0.791452
0,0.609133
0,0.814034
0,0.689417
0,0.974042
0,1.139121
0,1.041114
0,1.060547
0,0.687474
0,1.099336
0,0.873134
0,0.767931
0,1.084128
0,0.798085
0,0.82905
0,0.702001
0,0.860615
0,0.80993
0,0.740741
0,0.586699
0,1.042807
0,1.117356
0,0.967165
0,1.078051
0,0.80032
0,0.563169
0,1.040843
0,0.807298
0,0.972668
0,0.910705
0,0.8036
0,0.775314
0,0.733764
0,0.761151
0,0.662252
0,0.776096
0,1.069119
0,0.692041
0,0.685401
0,0.752162
0,0.715308
0,0.787371
0,1.11548
0,0.736594
0,0.796083
0,0.810898
0,0.710177
0,0.781555
0,0.55613
0,0.554087
0,0.849907
0,0.99782
0,0.782167
0,0.606075
0,0.603938
0,1.103022
0,0.56653
0,0.690703
0,0.774593
0,0.806094
0,0.682594
0,0.693963
0,1.118944
0,0.716332
0,0.80694
0,1.050862
0,0.705965
0,0.686707
0,0.655523
0,1.091822
0,1.028029
0,0.935804
0,0.891027
0,1.075153
0,1.023437
0,1.087429
0,1.146526
0,0.80016
0,1.126354
0,0.810274
0,1.078283
0,1.015259
0,0.967123
0,0.712504
0,0.848752
0,0.670691
0,1.039145
0,0.781097
0,0.966744
0,0.641355
0,0.575207
0,0.898634
0,0.662691
0,0.686248
0,1.179593
0,0.883392
0,1.021607
0,0.656168
0,1.104313
0,0.888099
0,0.682128
0,1.018081
0,1.178689
0,1.104716
0,1.010356
0,0.805704
0,0.821018
0,0.760521
0,1.124986
0,0.824097
0,0.835143
0,1.040637
0,1.033528
0,1.088139
0,1.005177
0,0.821153
0,1.101043
0,0.684135
0,0.774593
0,0.777907
0,0.918493
0,0.793367
0,0.866889
0,0.561262
0,0.692521
0,0.606134
0,0.641364
0,0.792393
0,1.012248
0,0.876724
0,0.850702
0,0.800737
0,0.751315
0,0.711238
0,1.090477
0,0.653912
0,0.661244
0,0.801346
0,0.706464
0,0.699741
0,0.760572
0,0.800993
0,0.781739
0,1.050045
0,1.044277
0,0.669344
0,0.659935
0,0.854336
0,0.711491
0,0.81823
0,0.658326
0,0.98956
0,0.706065
0,1.038368
0,0.819605
0,0.603636
0,1.043188
0,0.714286
0,0.874891
0,0.58548
0,0.823961
0,0.811557
0,0.890036
0,0.84717
0,0.643574
0,0.750751
0,0.692041
0,0.733568
0,0.693626
0,0.566795
0,0.983158
0,0.748783
0,0.679117
0,0.583511
0,0.761383
0,0.811227
0,0.997437
0,0.845155
0,0.819202
0,0.986047
0,0.668226
0,0.921065
0,1.059827
0,1.040474
0,0.778847
0,0.658744
0,0.597657
0,0.783085
0,0.941974
0,0.789546
0,0.829359
0,0.672402
0,0.685401
0,0.873477
0,1.183922
0,0.907853
0,0.984882
0,1.035701
0,0.631951
0,0.828947
0,0.665557
0,1.104313
0,0.862962
0,0.706714
0,0.789578
0,1.06089
0,1.070687
0,0.601685
0,0.812942
0,0.707714
0,1.078464
0,1.023107
0,1.039912
0,0.872981
0,0.947777
0,1.085464
0,0.866476
0,0.781861
0,1.008186
0,0.930899
0,0.669389
0,1.018392
0,0.686106
0,0.952835
0,0.822944
0,0.758438
0,1.104832
0,0.859328
0,0.983913
0,0.789359
0,0.694927
0,0.907935
0,0.633633
0,0.874967
0,0.761093
0,1.046627
0,1.05413
0,1.073906
0,0.601389
0,0.720202
0,1.109755
0,0.706165
0,1.032098
0,0.673401
0,0.86734
0,1.030609
0,0.779666
0,0.683667
0,0.684463
0,0.653537
0,0.835317
0,0.686813
0,0.678794
0,0.664673
0,1.003613
0,0.865726
0,1.039566
0,1.083113
0,0.829291
0,0.784899
0,0.795292
0,0.811754
0,1.039771
0,1.039069
0,0.581557
0,0.954836
0,0.877193
0,0.668003
0,1.126697
0,0.598557
0,0.696864
0,0.931966
0,0.877443
0,0.943931
0,0.829734
0,1.031109
0,0.923873
0,0.837802
0,0.671366
0,1.103369
0,0.783883
0,0.69979
0,1.102086
0,0.991621
0,0.662076
0,0.80331
0,0.783576
0,0.603719
0,0.602954
0,0.974801
0,0.667111
0,0.65703
0,1.117262
0,0.673174
0,0.806614
0,0.695894
0,0.660066
0,1.029479
0,0.751597
0,1.028807
0,1.006847
0,0.656818
0,0.916212
0,0.854518
0,0.704722
0,0.809225
0,0.68975
0,0.677507
0,1.028331
0,0.955562
0,0.850521
0,0.801667
0,0.669882
0,1.13916
0,0.684885
0,0.705965
0,1.018434
0,1.066445
0,1.05148
0,0.762166
0,0.599748
0,0.66518
0,0.793367
0,0.669389
0,0.763475
0,1.03146
0,0.776337
0,0.699301
0,1.258645
0,1.102791
0,0.679117
0,0.619444
0,0.712099
0,0.607697
0,0.756144
0,0.753863
0,0.613865
0,0.606465
0,0.737844
0,1.012397
0,1.121881
0,1.00777
0,0.603035
0,1.02976
0,0.797321
0,0.682827
0,0.939086
0,0.788084
0,0.750751
0,1.074737
0,0.926918
0,0.687853
0,0.783576
0,0.879624
0,1.105308
0,0.851245
0,1.023133
0,1.057625
0,0.668315
0,0.66177
0,0.673854
0,1.023144
0,1.124404
0,0.783085
0,0.816993
0,0.557647
0,0.954369
0,0.715052
0,0.884408
0,1.003543
0,0.929454
0,0.821254
0,0.810504
0,1.12352
0,0.597466
0,1.09218
0,0.83633
0,0.934191
0,0.597992
0,0.867002
0,1.062327
0,1.097743
0,0.801667
0,0.817829
0,0.784775
0,0.657246
0,0.587281
0,1.238068
0,0.861698
0,1.080264
0,0.661157
0,0.833125
0,1.079546
0,0.773769
0,1.048768
0,0.611194
0,1.027797
0,0.773395
0,0.691802
0,0.809585
0,0.765694
0,0.797575
0,1.039393
0,0.774954
0,0.770713
0,0.964367
0,1.020882
0,0.727908
0,1.00445
0,0.976563
0,0.67627
0,0.813901
0,0.61538
0,0.923276
0,0.648202
0,0.907194
0,1.057138
0,0.727802
0,0.844737
0,1.015187
0,0.719166
0,0.965904
0,0.710581
0,0.670916
0,0.56696
0,0.727802
0,0.847099
0,1.01703
0,1.025326
0,0.57722
0,0.67815
0,0.981061
0,0.676613
0,1.122139
0,0.703482
0,0.818364
0,0.70922
0,1.066041
0,0.937119
0,1.02351
0,0.720461
0,1.111976
0,1.053569
0,1.103875
0,1.056334
0,0.82802
0,0.811293
0,0.742005
0,0.811787
0,0.728863
0,1.058011
0,0.68918
0,0.772798
0,0.691898
0,0.828912
0,0.830737
0,0.789266
0,0.679579
0,0.803859
0,0.657678
0,1.036162
0,1.038168
0,0.571298
0,0.66335
0,0.711339
0,1.080573
0,0.797639
0,0.740521
0,0.934684
0,1.090941
0,0.717103
0,0.938667
0,0.783331
0,0.661682
0,1.032951
0,1.076948
0,0.637331
0,0.844737
0,0.706464
0,0.672043
0,0.806842
0,0.980037
0,0.685166
0,0.95735
0,0.800224
0,0.714439
0,0.767165
0,0.57544
0,0.672902
0,0.948407
0,0.653685
0,0.70497
0,0.806289
0,0.809946
0,0.672199
0,0.634822
0,0.701262
0,0.639816
0,1.164551
0,0.808048
0,1.063683
0,0.680967
0,0.666089
0,0.674082
0,0.669792
0,0.732601
0,0.577043
0,0.780336
0,0.715052
0,1.088258
0,1.112025
0,1.025131
0,1.016002
0,1.027364
0,0.755858
0,0.763884
0,0.80048
0,0.691419
0,0.597603
0,0.707364
0,0.828157
0,0.697447
0,0.711997
0,1.070859
0,0.783607
0,0.577719
0,0.692665
0,0.673854
0,0.709975
0,1.012797
0,1.047834
0,1.019108
0,1.032738
0,0.77815
0,1.116233
0,0.608035
0,0.688326
0,0.76063
0,0.883392
0,1.068959
0,0.957598
0,0.802955
0,0.832639
0,0.793053
0,1.026694
0,1.272329
0,1.099868
0,0.774893
0,1.04467
0,1.021774
0,0.607488
0,0.857008
0,0.671366
0,0.661507
0,1.090988
0,1.020721
0,0.654236
0,1.069976
0,0.639566
0,0.694927
0,1.120762
0,0.681106
0,0.958865
0,0.725531
0,0.595274
0,0.777635
0,0.62482
0,1.097538
0,1.008217
0,0.615304
0,0.716949
0,0.728863
0,0.648508
0,1.068262
0,0.790826
0,0.975229
0,0.809127
0,1.0502
0,0.79466
0,0.71803
0,0.772977
0,0.69377
0,0.808653
0,0.801025
0,0.942241
0,1.115636
0,0.658545
0,0.746491
0,0.881446
0,0.757002
0,1.279541
0,0.78416
0,1.147256
0,1.08724
0,0.840972
0,0.577941
0,0.833056
0,1.040919
0,0.940402
0,0.855798
0,0.820446
0,0.961686
0,0.674992
0,0.773575
0,0.805477
0,0.566733
0,0.700771
0,0.71736
0,0.902478
0,0.658545
0,1.056848
0,1.012915
0,0.876271
0,0.996557
0,0.788426
0,0.864304
0,0.966978
0,0.772559
0,0.713521
0,0.595965
0,0.824385
0,0.935235
0,0.870095
0,0.819336
0,0.666889
0,0.959509
0,0.760225
0,1.01273
0,1.032258
0,0.744241
0,0.775374
0,0.708215
0,1.071582
0,1.039825
0,1.089681
0,1.042535
0,1.055543
0,1.021659
0,0.574384
0,0.990099
0,0.803923
0,1.023353
0,0.940645
0,0.60241
0,0.685166
0,0.811194
0,0.574235
0,1.045227
0,1.008832
0,1.005394
0,0.943752
0,1.07032
0,0.604558
0,1.103022
0,0.956032
0,0.784621
0,1.272427
0,0.659454
0,0.709471
0,0.722921
0,0.64653
0,0.800641
0,1.071708
0,0.830565
0,1.096215
0,0.989022
0,0.765697
0,0.723066
0,1.102354
0,0.808016
0,0.794281
0,0.858001
0,0.601793
0,0.674309
0,0.634656
0,0.826685
0,1.073606
0,1.02296
0,1.070526
0,1.063751
0,0.69891
0,1.054118
0,0.781555
0,0.576596
0,1.025851
0,1.116321
0,1.099662
0,0.801154
0,0.752842
0,1.179593
0,0.655224
0,0.815594
0,1.032509
0,1.103631
0,1.120574
0,0.800384
0,0.811194
0,1.024858
0,0.869187
0,0.963428
0,1.071938
0,0.789889
0,0.57346
0,1.078347
0,0.959693
0,0.770001
0,1.031683
0,0.648451
0,0.925069
0,1.08114
0,0.773814
0,0.686342
0,0.610855
0,1.075795
0,0.963206
0,0.651283
0,0.656082
0,0.704672
0,0.662471
0,0.612923
0,0.794597
0,0.815461
0,1.103875
0,0.980344
0,1.050398
0,1.099094
0,0.895375
0,1.059288
0,1.074905
0,0.829187
0,1.087258
0,0.829497
0,0.943574
0,1.194073
0,0.818565
0,0.788364
0,1.070205
0,1.046353
0,0.642394
0,0.656599
0,0.807103
0,0.68055
0,0.945474
0,1.097051
0,0.601938
0,0.87804
0,0.817027
0,0.742115
0,0.823181
0,0.675676
0,0.964218
0,1.015538
0,0.679579
0,0.814233
0,0.760456
0,0.981691
0,0.903191
0,0.664452
0,0.668226
0,1.067851
0,0.802568
0,1.053463
0,0.82905
0,0.898973
0,1.057921
0,0.573691
0,0.959739
0,0.867002
0,1.085641
0,1.012187
0,0.696864
0,1.042085
0,0.932853
0,0.774114
0,0.708065
0,0.75092
0,1.091703
0,0.693193
0,0.770001
0,0.966464
0,0.724113
0,0.715872
0,0.822368
0,0.851317
0,0.712504
0,0.777847
0,0.66357
0,0.579947
0,0.702741
0,1.037065
0,1.135976
0,0.921999
0,0.825423
0,0.674764
0,0.649594
0,1.02417
0,0.599065
0,0.624836
0,0.97561
0,0.830461
0,0.718391
0,1.075899
0,1.038131
0,0.761325
0,0.706964
0,0.673809
0,0.61222
0,1.017232
0,1.033912
0,0.945716
0,0.82176
0,0.615901
0,0.799297
0,0.922657
0,1.088732
0,0.773066
0,1.046463
0,0.740192
0,0.613176
0,0.66778
0,1.021409
0,1.130288
0,0.679117
0,0.690438
0,0.773096
0,0.899685
0,0.683387
0,0.852842
0,0.668494
0,0.735673
0,0.563504
0,0.607351
0,0.736106
0,0.806777
0,0.664319
0,0.660284
0,0.646245
0,1.134996
0,0.768344
0,1.108156
0,0.66291
0,1.047559
0,0.803213
0,0.834411
0,0.985804
0,0.765111
0,0.737735
0,0.840513
0,0.930951
0,0.670107
0,0.69979
0,0.679394
0,0.635405
0,0.770119
0,0.588599
0,0.815993
0,0.677277
0,0.689988
0,0.697593
0,0.776398
0,1.104374
0,0.674582
0,0.914913
0,0.971204
0,0.595238
0,0.914537
0,1.073947
0,0.812331
0,1.103509
0,0.683207
0,0.930735
0,0.751033
0,0.778089
0,0.771962
0,0.808669
0,1.025378
0,0.881057
0,0.688705
0,1.052798
0,0.827695
0,0.786782
0,0.8625
0,0.66313
0,0.984882
0,1.032866
0,0.905428
0,0.670306
0,1.073704
0,0.707714
0,0.883939
0,1.032706
0,0.565382
0,1.039182
0,0.683761
0,0.982994
0,0.758495
0,1.143406
0,0.822842
0,0.680272
0,1.145659
0,1.033618
0,1.107168
0,1.089609
0,1.013721
0,0.605651
0,0.751428
0,0.822808
0,0.807265
0,1.038497
0,0.915137
0,0.780427
0,0.666889
0,0.812381
0,1.082872
0,0.692905
0,0.96493
0,1.076032
0,0.701016
0,1.00314
0,0.964041
0,1.03621
0,0.82481
0,0.654407
0,0.811425
0,0.877809
0,0.778513
0,0.714388
0,1.010392
0,0.98979
0,0.802021
0,0.794786
0,1.084952
0,0.868432
0,0.973236
0,1.089841
0,0.817227
0,0.929316
0,1.044343
0,1.089799
0,0.871992
0,1.104033
0,0.915248
0,0.914955
0,0.797416
0,1.101322
0,1.04002
0,1.104716
0,0.648508
0,1.07048
0,0.673423
0,0.988694
0,1.216989
0,0.819001
0,0.866889
0,0.917979
0,0.629785
0,1.041667
0,0.585703
0,0.771694
0,0.847889
0,0.776578
0,0.610253
0,0.690608
0,1.070922
0,0.680041
0,0.934754
0,0.674218
0,0.669568
0,0.754717
0,0.66912
0,0.862991
0,1.093972
0,0.8017
0,0.826344
0,0.940424
0,0.697934
0,1.028188
0,0.867152
0,0.862627
0,0.663548
0,0.613977
0,0.570964
0,0.680133
0,0.829359
0,0.586235
0,1.076507
0,0.691181
0,0.957616
0,0.674536
0,1.012699
0,1.198236
0,1.061154
0,1.126215
0,0.818364
0,0.861883
0,0.661159
0,1.115138
0,0.652103
0,1.069084
0,0.671366
0,1.010101
0,0.787247
0,0.656168
0,0.834028
0,1.122334
0,0.753125
0,1.01717
0,0.587458
0,1.119959
0,1.088998
0,1.179412
0,0.915877
0,0.612929
0,0.598205
0,0.811392
0,0.603519
0,0.833403
0,1.09505
0,0.79968
0,0.749064
0,0.780488
0,1.26701
0,0.97766
0,0.651678
0,1.027797
0,1.071541
0,1.011005
0,0.902935
0,0.659065
0,1.025152
0,1.109472
0,0.743937
0,0.709975
0,0.74217
0,0.944198
0,0.654236
0,0.662383
0,0.770475
0,0.665447
0,0.660502
0,0.670017
0,0.756716
0,1.052034
0,0.877578
0,0.919033
0,0.935804
0,1.038961
0,0.614256
0,0.934322
0,0.67288
0,0.881057
0,0.929195
0,0.7025
0,1.014456
0,0.599066
0,0.761905
0,0.751936
0,1.036162
0,1.029601
0,0.793273
0,0.753012
0,0.60183
0,0.971817
0,0.582843
0,0.606513
0,0.843384
0,0.602591
0,1.063909
0,0.762311
0,1.092359
0,0.755858
0,0.670826
0,0.68018
0,0.759157
0,0.760341
0,0.848896
0,0.921532
0,0.770416
0,1.064254
0,1.093016
0,0.810767
0,1.045697
0,0.80032
0,0.602664
0,0.658545
0,1.06067
0,0.800352
0,0.85706
0,0.825491
0,1.097574
0,1.039571
0,1.089253
0,0.855432
0,1.028383
0,1.081034
0,1.120574
0,1.02096
0,0.604499
0,1.077058
0,1.095452
0,0.8108
0,0.846131
0,0.983168
0,0.585549
0,0.822166
0,0.824606
0,1.111537
0,0.869187
0,0.679579
0,0.860437
0,1.073341
0,0.61556
0,0.703482
0,0.76599
0,0.667312
0,0.812513
0,0.890076
0,0.723223
0,0.803213
0,1.026257
0,1.08118
0,1.025315
0,0.683527
0,1.051094
0,0.586599
0,0.966898
0,0.639591
0,0.942863
0,0.781769
0,1.117818
0,0.760746
0,0.655335
0,0.997765
0,0.674492
0,0.797957
0,0.849907
0,1.311837
0,1.011869
0,0.828638
0,1.077122
0,0.869943
0,1.009856
0,0.672043
0,0.631247
0,0.673401
0,1.081958
0,0.982318
0,0.679071
0,1.09075
0,0.755173
0,0.963173
0,0.798276
0,0.684885
0,0.888099
0,0.775374
0,0.900617
0,1.127949
0,0.832224
0,1.038761
0,0.680365
0,0.694203
0,0.675219
0,0.66379
0,0.984252
0,1.06094
0,0.569039
0,0.722909
0,0.58253
0,1.02317
0,0.603374
0,0.682361
0,0.60698
0,0.701016
0,1.119251
0,0.797448
0,1.030609
0,1.005788
0,0.964878
0,0.703977
0,1.019119
0,1.084363
0,1.0502
0,1.098605
0,1.120762
0,0.705766
0,1.06889
0,0.784006
0,1.102603
0,0.840866
0,0.771129
0,0.759474
0,0.682268
0,0.835422
0,0.626953
0,0.566049
0,0.988093
0,0.715308
0,0.722387
0,0.769157
0,0.815727
0,0.782473
0,0.596979
0,0.771962
0,0.794281
0,1.034784
0,1.133196
0,0.74173
0,0.6744
0,0.687285
0,0.708868
0,0.76266
0,0.758265
0,0.959785
0,0.829187
0,0.70704
0,0.943352
0,0.631476
0,1.012187
0,0.732091
0,0.674536
0,1.085835
0,0.813935
0,0.810668
0,0.827815
0,0.793336
0,1.033218
0,1.107297
0,0.601431
0,1.245439
0,0.845523
0,0.751033
0,0.994683
0,1.017294
0,0.691563
0,0.897102
0,1.054852
0,0.753012
0,1.037237
0,0.789079
0,0.994431
0,0.612714
0,0.667111
0,1.011972
0,1.126507
0,1.121114
0,0.912326
0,0.610392
0,1.056798
0,0.807168
0,0.663924
0,0.712504
0,0.682594
0,1.052964
0,1.062586
0,0.782228
0,0.889324
0,1.113338
0,0.590264
0,0.751597
0,1.047011
0,0.623131
0,0.707714
0,1.078976
0,0.693481
0,0.841822
0,0.889521
0,1.093183
0,0.656211
0,0.781555
0,0.658545
0,0.764643
0,1.103199
0,0.660939
0,0.604061
0,0.850702
0,1.018491
0,1.103521
0,0.821895
0,0.718288
0,1.093081
0,0.664209
0,1.031358
0,0.740247
0,0.70373
0,1.02438
0,0.829394
0,0.806127
0,1.105162
0,1.142727
0,0.655523
0,0.668941
0,1.132573
0,1.043623
0,0.612257
0,0.999001
0,0.835422
0,1.082099
0,1.055014
0,0.984199
0,0.586531
0,0.98146
0,0.973189
0,0.848536
0,1.103667
0,0.714541
0,1.062473
0,1.10707
0,0.58844
0,0.829772
0,0.651508
0,0.680041
0,1.088678
0,0.839067
0,1.069862
0,1.104374
0,1.023227
0,0.804182
0,1.029458
0,1.075795
0,0.737681
0,0.598354
0,0.656599
0,0.757576
0,0.967165
0,1.100473
0,0.669658
0,1.008491
0,0.634874
0,0.862627
0,0.77006
0,0.760081
0,1.032578
0,0.557103
0,1.027063
0,1.137223
0,0.759028
0,0.710732
0,0.799041
0,0.742942
0,0.550911
0,0.938791
0,0.920768
0,1.073918
0,1.046572
0,0.646026
0,1.024611
0,0.777001
0,1.02681
0,1.12448
0,0.828295
0,0.761615
0,1.04346
0,1.025957
0,0.857265
0,0.737463
0,0.658892
0,0.726322
0,0.752559
0,0.794913
0,0.788364
0,0.751315
0,0.711769
0,1.146197
0,0.881718
0,0.719424
0,0.953044
0,0.665115
0,1.089562
0,0.603112
0,0.863558
0,1.196688
0,0.772618
0,0.556654
0,1.076206
0,0.896298
0,1.02239
0,0.662691
0,0.904855
0,1.14319
0,1.057138
0,0.986242
0,0.800641
0,0.653595
0,0.812612
0,0.741785
0,0.557524
0,0.833542
0,0.652316
0,1.007455
0,1.081385
0,0.701508
0,1.09505
0,1.094403
0,0.78765
0,1.065871
0,1.084516
0,0.696718
0,0.636694
0,0.692185
0,1.049334
0,0.706914
0,0.670241
0,0.791766
0,1.079447
0,0.780031
0,0.965531
0,1.087843
0,0.66357
0,0.73078
0,0.708065
0,0.572172
0,1.134514
0,0.58703
0,0.819068
0,0.784006
0,0.831947
0,1.048867
0,1.009184
0,0.615328
0,0.922407
0,0.796495
0,0.687191
0,0.664011
0,0.827883
0,0.673401
0,1.091995
0,0.77226
0,0.608812
0,0.808473
0,0.827643
0,0.987459
0,1.068262
0,0.599102
0,0.777907
0,0.670466
0,1.142707
0,0.887619
0,0.948407
0,1.098678
0,0.962052
0,0.598337
0,0.592068
0,0.983961
0,0.712251
0,0.994135
0,1.046479
0,0.981894
0,1.103144
0,1.090703
0,0.662909
0,0.688705
0,0.966604
0,1.032098
0,0.792079
0,0.702099
0,1.113332
0,0.929152
0,0.681083
0,1.044496
0,0.692041
0,0.827301
0,0.60215
0,0.914119
0,0.777001
0,0.775494
0,0.656254
0,0.832085
0,0.82203
0,1.069319
0,0.677502
0,0.656037
0,1.03778
0,0.811622
0,0.959111
0,0.980584
0,0.785238
0,1.012792
0,0.845237
0,0.998343
0,0.682408
0,0.797989
0,0.828775
0,0.828432
0,0.81281
0,0.659196
0,0.672495
0,0.790826
0,1.070549
0,1.032525
0,0.762764
0,0.838715
0,1.017998
0,1.029898
0,1.077522
0,0.936856
0,1.106072
0,0.88308
0,1.031087
0,0.815927
0,1.138434
0,0.765111
0,1.10791
0,0.809749
0,1.012212
0,1.072179
0,0.692281
0,0.581523
0,1.041857
0,1.017791
0,1.025704
0,0.713776
0,0.734214
0,0.80782
0,0.557399
0,0.680373
0,0.716589
0,0.69735
0,0.775795
0,0.724795
0,1.044147
0,0.675198
0,1.058369
0,0.730594
0,1.10791
0,0.680133
0,0.951792
0,1.028955
0,0.559188
0,0.666445
0,0.673329
0,0.8
0,0.826788
0,0.665336
0,1.037813
0,0.72136
0,0.814963
0,0.836645
0,0.778938
0,0.631912
0,0.780488
0,1.030551
0,0.983807
0,0.784929
0,0.789079
0,0.597751
0,0.710379
0,0.691133
0,1.028188
0,0.680967
0,0.783914
0,0.744823
0,0.834376
0,1.302762
0,0.576646
0,0.685448
0,1.064271
0,0.837731
0,0.783576
0,0.730994
0,0.80795
0,1.040734
0,0.803536
0,0.758725
0,1.037673
0,0.678196
0,0.735719
0,0.95143
0,0.792738
0,0.633079
0,0.788644
0,0.862664
0,1.000951
0,0.662691
0,1.127351
0,0.804959
0,0.694203
0,1.063321
0,0.943708
0,0.664673
0,0.928893
0,0.685936
0,0.670286
0,0.792393
0,0.705716
0,0.819252
0,1.018288
0,0.716178
0,0.922679
0,0.827198
0,0.742832
0,0.607201
0,0.738552
0,0.928816
0,1.046627
0,0.682361
0,0.818833
0,0.866326
0,1.066405
0,0.858406
0,0.761905
0,0.621266
0,1.021805
0,1.1948
0,0.665868
0,0.805607
0,0.691627
0,1.042492
0,1.007557
0,0.942241
0,0.858959
0,0.800769
0,0.812348
0,0.955347
0,0.789983
0,0.654022
0,0.793651
0,0.80032
0,0.864006
0,1.021023
0,0.792267
0,0.622675
0,0.592145
0,0.608727
0,1.041829
0,0.682594
0,0.863185
0,0.814863
0,0.704573
0,1.111074
0,0.659413
0,1.084269
0,0.960061
0,0.794281
0,0.985202
0,1.060013
0,0.928215
0,0.849834
0,0.652228
0,0.791452
0,0.775134
0,0.612862
0,0.799105
0,0.96302
0,1.070435
0,1.126888
0,0.82648
0,1.019321
0,0.803536
0,0.876732
0,0.733353
0,0.581912
0,0.86297
0,1.078086
0,0.741592
0,0.66072
0,0.754717
0,0.833333
0,0.730807
0,0.984446
0,0.643445
0,0.719683
0,0.991616
0,1.03728
0,1.073572
0,1.055933
0,1.069891
0,1.075292
0,0.735727
0,1.120448
0,0.648508
0,0.934964
0,0.605877
0,1.023594
0,0.604573
0,0.943129
0,0.941974
0,1.051359
0,0.785453
0,0.559709
0,1.026446
0,0.751315
0,0.734107
0,0.781769
0,1.084287
0,1.121076
0,0.680735
0,0.768669
0,0.865426
0,1.079383
0,1.043705
0,0.589692
0,0.865688
0,1.221747
0,0.711491
0,0.690465
0,0.625606
0,1.132708
0,0.600402
0,0.869565
0,1.078912
0,0.93576
0,0.646078
0,0.821423
0,0.715564
0,1.044005
0,1.001452
0,0.863148
0,0.676041
0,1.035449
0,1.085187
0,0.824572
0,0.766871
0,0.797067
0,1.099904
0,1.109755
0,0.799169
0,1.042275
0,0.850159
0,0.717618
0,1.051353
0,1.078906
0,0.781372
0,0.608014
0,0.779727
0,1.201591
0,0.982555
0,1.071381
0,1.038368
0,1.040399
0,1.103144
0,0.865426
0,0.662561
0,0.793777
0,0.804829
0,1.007689
0,0.827198
0,0.742115
0,0.904143
0,1.108414
0,0.561077
0,0.879121
0,0.566051
0,0.838153
0,0.797671
0,0.604217
0,1.063479
0,0.73635
0,0.698227
0,0.84168
0,0.990256
0,0.635549
0,0.712403
0,0.770713
0,0.800993
0,0.801282
0,0.682128
0,0.716589
0,0.931619
0,0.913977
0,0.671817
0,1.091655
0,0.600528
0,0.678656
0,1.131036
0,1.101819
0,0.685166
0,0.652742
0,0.807135
0,0.82247
0,1.070893
0,0.956448
0,0.803213
0,0.943009
0,0.611322
0,1.098237
0,1.116314
0,0.766871
0,1.007425
0,0.938218
0,0.695265
0,1.085028
0,1.057641
0,0.995421
0,1.007988
0,0.649925
0,0.882465
0,1.100358
0,1.123722
0,0.598916
0,0.564178
0,0.69808
0,0.592841
0,0.77821
0,0.72159
0,0.818733
0,0.682967
0,0.671727
0,0.664231
0,1.027961
0,1.0784
0,0.557255
0,0.665779
0,0.852988
0,1.069519
0,0.682314
0,0.883314
0,0.588547
0,0.695604
0,0.614185
0,0.780488
0,0.778695
0,0.841574
0,1.032482
0,0.820749
0,1.057608
0,0.992
0,0.604481
0,0.577868
0,0.801282
0,0.94577
0,1.03799
0,0.800576
0,0.944644
0,0.670916
0,0.834864
0,0.680782
0,0.71048
0,1.118143
0,1.075899
0,0.799488
0,1.193317
0,0.577043
0,1.005237
0,0.707965
0,0.827609
0,0.6749
0,0.62121
0,0.940265
0,0.757691
0,0.99108
0,0.839032
0,0.744103
0,0.866551
0,1.072731
0,0.830841
0,0.758725
0,1.117075
0,1.089437
0,0.770179
0,0.907647
0,0.757576
0,1.046496
0,0.772648
0,0.76365
0,0.679348
0,1.070051
0,0.995461
0,0.670691
0,0.783546
0,0.800224
0,0.936417
0,0.66778
0,0.671005
0,1.034046
0,0.775314
0,0.731797
0,1.094709
0,0.956
0,0.586218
0,1.036221
0,0.580671
0,0.974137
0,0.666445
0,1.049307
0,0.770416
0,1.024737
0,0.748391
0,0.671817
0,1.091227
0,0.660066
0,0.554542
0,0.819608
0,1.132413
0,0.639795
0,1.031726
0,0.804052
0,0.681199
0,1.055264
0,0.704622
0,0.771903
0,0.964841
0,0.654108
0,0.756744
0,0.655953
0,0.79092
0,1.069061
0,1.121139
0,0.686672
0,0.846382
0,1.092705
0,0.561873
0,0.963855
0,0.713521
0,0.799904
0,0.994431
0,1.08384
0,0.82203
0,0.687049
0,0.6888
0,0.990251
0,0.832626
0,0.877578
0,0.797575
0,0.77232
0,0.68456
0,0.616956
0,0.787123
0,0.769645
0,1.142387
0,1.065269
0,0.805932
0,1.124638
0,0.821591
0,0.682128
0,0.668003
0,0.760052
0,0.794976
0,0.686059
0,0.577052
0,0.670466
0,0.903057
0,0.794786
0,0.599862
0,1.027644
0,0.886525
0,1.01005
0,0.585553
0,0.795165
0,0.692761
0,0.903996
0,1.047066
0,0.66083
0,0.881018
0,0.597061
0,1.093494
0,0.759878
0,0.862813
0,1.107542
0,0.800128
0,1.074957
0,1.120637
0,0.706714
0,0.657462
0,0.70497
0,1.065644
0,0.821018
0,0.672495
0,0.739919
0,0.762311
0,1.122473
0,0.786349
0,1.109435
0,1.120103
0,0.886957
0,1.010152
0,0.645216
0,0.76646
0,0.877963
0,0.866326
0,0.613436
0,0.635907
0,1.076855
0,1.136396
0,0.930259
0,0.842744
0,0.904691
0,0.583696
0,0.804133
0,0.802568
0,0.823011
0,0.924642
0,0.680967
0,0.646831
0,0.794913
0,1.015321
0,0.998642
0,0.884486
0,1.061104
0,1.113195
0,0.735348
0,0.573634
0,0.797782
0,1.08616
0,0.610773
0,0.768403
0,1.050751
0,0.870701
0,0.773395
0,0.809127
0,0.668986
0,0.667557
0,1.010918
0,0.66313
0,0.820008
0,0.649468
0,1.017294
0,1.163332
0,0.868546
0,0.635942
0,1.069519
0,0.792707
0,0.655308
0,0.662032
0,0.665557
0,1.090037
0,1.039988
0,0.672062
0,1.053752
0,0.994085
0,0.66778
0,0.905756
0,1.062869
0,0.66313
0,0.601819
0,0.70932
0,0.948677
0,1.028828
0,0.602217
0,1.038152
0,1.105357
0,0.805834
0,1.082029
0,0.856142
0,0.705965
0,0.672017
0,1.104649
0,0.674809
0,1.132182
0,0.697691
0,1.302762
0,1.046835
0,1.002175
0,0.859107
0,1.009336
0,0.815694
0,0.584859
0,0.789048
0,0.68306
0,0.557878
0,0.685567
0,0.862441
0,0.733676
0,1.060209
0,0.679948
0,1.084269
0,0.695652
0,1.048493
0,1.078888
0,1.066098
0,0.998752
0,1.042362
0,0.695652
0,0.713144
0,0.648283
0,1.085835
0,0.956576
0,0.793336
0,0.762704
0,0.818498
0,1.030503
0,0.682128
0,0.668896
0,0.915961
0,0.651169
0,0.651254
0,0.805542
0,0.595396
0,1.108647
0,1.029564
0,1.045916
0,0.813935
0,0.6664
0,1.037075
0,0.666311
0,0.801667
0,1.041499
0,0.722282
0,1.028965
0,0.977087
0,1.015847
0,0.548617
0,0.788955
0,0.667468
0,1.106195
0,0.76743
0,0.786782
0,0.795229
0,1.142936
0,0.922569
0,0.951077
0,0.601921
0,1.003804
0,0.700525
0,0.913684
0,1.027079
0,1.087713
0,0.929152
0,0.826959
0,0.648298
0,0.810767
0,0.621581
0,0.672948
0,1.068644
0,0.992654
0,0.895432
0,0.76266
0,0.609059
0,0.637186
0,0.667646
0,0.815328
0,0.73373
0,0.785453
0,0.685166
0,0.957488
0,1.033106
0,0.677048
0,1.079098
0,1.023594
0,0.971723
0,1.226392
0,0.614453
0,0.858516
0,1.112582
0,0.782993
0,1.065871
0,0.766284
0,0.710227
0,0.681896
0,0.713419
0,1.195314
0,0.936856
0,1.014096
0,0.610794
0,0.908003
0,1.045047
0,0.798339
0,1.01717
0,0.994382
0,0.891623
0,0.595498
0,1.028923
0,1.003251
0,0.863353
0,0.828226
0,1.133144
0,0.863968
0,1.113697
0,1.067156
0,0.86479
0,0.864528
0,1.094032
0,0.759013
0,0.606625
0,1.093171
0,0.664805
0,0.74355
0,0.591139
0,1.030556
0,0.759359
0,0.672224
0,0.854555
0,0.738443
0,1.114914
0,0.860215
0,1.036699
0,0.690703
0,0.680041
0,0.687521
0,0.803697
0,1.027538
0,0.557522
0,0.802955
0,1.120806
0,0.596374
0,0.82122
0,0.651587
0,0.753551
0,0.797003
0,0.66357
0,1.006695
0,0.789266
0,0.579471
0,0.982415
0,1.108033
0,0.670466
0,0.858575
0,0.609109
0,0.669344
0,1.075882
0,0.829187
0,0.989413
0,0.943218
0,0.900657
0,0.663702
0,0.732601
0,1.034501
0,0.626523
0,1.009224
0,0.562727
0,0.648421
0,1.109564
0,0.770149
0,0.85317
0,0.675356
0,0.75123
0,0.771218
0,0.984199
0,0.912167
0,0.671366
0,0.806777
0,1.045041
0,1.098581
0,0.828981
0,0.693481
0,0.766284
0,1.021315
0,1.061571
0,1.060333
0,1.013223
0,0.61879
0,0.931619
0,0.775855
0,0.576491
0,0.810045
0,0.595877
0,0.802246
0,0.937998
0,1.112223
0,0.831048
0,1.089265
0,1.071524
0,0.586421
0,0.75643
0,1.105644
0,0.665336
0,0.648088
0,0.970356
0,0.986145
0,0.662076
0,0.881873
0,0.880824
0,0.671592
0,0.575092
0,0.66569
0,0.831808
0,1.034019
0,0.755287
0,0.79869
0,1.060108
0,0.772141
0,0.770416
0,0.849546
0,0.800045
0,0.758956
0,1.143596
0,0.832085
0,0.794281
0,0.834028
0,0.80457
0,1.374079
0,1.039825
0,0.79406
0,0.814863
0,0.783331
0,0.789266
0,0.737626
0,1.090435
0,0.777001
0,0.911839
0,1.037086
0,1.083365
0,0.843953
0,1.056636
0,0.925112
0,0.910913
0,0.75933
0,0.612107
0,0.773664
0,0.788986
0,0.668449
0,0.575285
0,0.686106
0,0.754575
0,0.903383
0,0.613346
0,0.803439
0,0.66335
0,0.592347
0,0.682361
0,0.720747
0,1.08135
0,0.743771
0,0.66569
0,0.808179
0,0.740192
0,0.702741
0,0.685166
0,1.029749
0,1.068564
0,0.666889
0,0.581328
0,0.799361
0,1.039771
0,0.797512
0,1.064509
0,1.010285
0,1.104728
0,0.844238
0,0.644284
0,0.945269
0,0.794534
0,0.859845
0,1.284852
0,0.684229
0,1.000555
0,1.122927
0,1.026842
0,0.914537
0,1.053963
0,0.981595
0,0.684463
0,0.708466
0,0.662822
0,0.885347
0,0.743494
0,0.674536
0,0.966137
0,0.807999
0,1.085541
0,0.965065
0,1.042785
0,0.991719
0,1.03163
0,0.698568
0,0.823215
0,0.602712
0,0.8726
0,0.675904
0,0.794281
0,1.008247
0,1.095002
0,0.583577
0,0.859107
0,1.034372
0,0.706614
0,0.791327
0,0.801314
0,0.779727
0,0.683998
0,0.960338
0,1.05994
0,0.805056
0,1.039571
0,0.630073
0,0.629226
0,0.708868
0,0.628956
0,1.106758
0,1.128159
0,1.035025
0,0.748391
0,0.907812
0,1.038476
0,1.122334
0,0.789453
0,0.755458
0,0.654879
0,0.742942
0,0.979
0,0.61024
0,0.759619
0,0.831808
0,0.811359
0,1.053907
0,0.67659
0,0.734484
0,0.689417
0,0.855066
0,1.098611
0,0.839278
0,0.787216
0,0.762631
0,0.750638
0,1.021805
0,1.087429
0,1.049406
0,0.620623
0,1.020689
0,0.978186
0,0.833507
0,1.111019
0,1.125302
0,0.994347
0,0.701902
0,0.93362
0,1.006421
0,0.681431
0,0.949487
0,0.756144
0,0.602252
0,0.638972
0,0.746826
0,0.678794
0,0.941088
0,1.065076
0,0.68918
0,0.684932
0,0.840901
0,0.986193
0,0.847242
0,0.817528
0,0.787712
0,0.682361
0,0.986826
0,0.972479
0,0.875151
0,0.959141
0,0.974137
0,0.775795
0,0.768049
0,0.758208
0,0.821322
0,0.701164
0,1.019888
0,1.11715
0,0.798722
0,0.713776
0,1.075032
0,0.940645
0,1.109755
0,0.701508
0,0.580211
0,0.869943
0,0.67981
0,0.935979
0,0.656168
0,0.998951
0,1.161744
0,1.039933
0,0.634196
0,0.760572
0,0.871042
0,1.109016
0,1.055353
0,1.017294
0,0.711845
0,0.583037
0,0.975277
0,0.882963
0,0.82905
0,0.811458
0,0.60151
0,0.772648
0,0.823757
0,0.764555
0,1.010744
0,1.030291
0,0.728067
0,0.841715
0,1.042275
0,0.776398
0,0.668673
0,1.070274
0,0.751202
0,0.820277
0,0.989022
0,0.986952
0,1.036264
0,0.76063
0,1.048273
0,0.667646
0,0.681128
0,1.10882
0,0.576846
0,0.679362
0,0.706714
0,1.046353
0,0.845881
0,0.746826
0,0.971506
0,0.801828
0,0.637308
0,0.697837
0,0.750244
0,0.772499
0,1.09493
0,1.035095
0,0.85481
0,1.048163
0,1.112149
0,0.795545
0,1.030721
0,1.050818
0,1.060344
0,1.15718
0,0.676865
0,0.57089
0,0.777001
0,1.163284
0,1.141748
0,0.681896
0,0.677277
0,0.709371
0,0.826037
0,1.088732
0,0.783515
0,0.743108
0,0.781555
0,0.605538
0,0.812942
0,0.608939
0,0.790889
0,1.087347
0,1.027158
0,0.573979
0,0.677507
0,1.058537
0,0.653557
0,0.774773
0,0.797385
0,0.700035
0,0.750019
0,0.672043
0,0.688468
0,1.033426
0,0.841291
0,0.770832
0,0.675265
0,0.670107
0,1.010152
0,0.887351
0,0.764029
0,0.900414
0,0.710227
0,0.970261
0,0.796495
0,0.927803
0,0.685495
0,1.072766
0,0.610704
0,1.092896
0,1.127402
0,1.00593
0,1.06349
0,0.675904
0,0.800705
0,1.030397
0,0.822741
0,0.940084
0,0.723249
0,0.839384
0,0.711744
0,0.934824
0,0.805348
0,0.805348
0,0.97995
0,1.039912
0,0.672948
0,0.683761
0,0.847601
0,0.83212
0,1.118168
0,1.028854
0,0.985125
0,0.832917
0,0.665115
0,0.605327
0,0.66379
0,0.766283
0,0.664231
0,1.057479
0,0.788706
0,0.614005
0,0.560905
0,0.868432
0,0.648719
0,0.997705
0,0.795165
0,1.034875
0,0.920641
0,0.823554
0,0.687049
0,0.682035
0,0.660284
0,0.770179
0,1.088258
0,0.685636
0,0.572041
0,0.685166
0,0.832293
0,0.667156
0,0.607154
0,0.981017
0,0.860289
0,0.690942
0,0.801443
0,0.983294
0,1.00595
0,0.896459
0,1.037457
0,1.064985
0,0.971817
0,0.920429
0,1.025126
0,1.022599
0,0.769823
0,1.02511
0,0.927498
0,0.735294
0,0.685401
0,0.993345
0,1.070051
0,0.706348
0,0.694203
0,0.870019
0,1.120128
0,1.041775
0,0.707214
0,0.985139
0,0.66912
0,0.613493
0,0.774653
0,0.688231
0,1.079447
0,0.892853
0,0.695894
0,1.005177
0,0.696379
0,1.03576
0,0.863931
0,1.090905
0,0.596753
0,1.096978
0,0.693193
0,0.605574
0,1.012792
0,0.673174
0,0.686342
0,1.044277
0,0.793588
0,1.096239
0,1.055754
0,0.71541
0,0.587993
0,0.789141
0,0.76693
0,0.790202
0,1.001532
0,0.700525
0,0.9567
0,0.67331
0,1.104972
0,0.655711
0,0.701656
0,0.726665
0,0.671817
0,0.76599
0,1.09162
0,0.780579
0,0.673491
0,1.077993
0,1.077238
0,0.866439
0,0.672948
0,0.778513
0,1.048328
0,0.858369
0,0.654664
0,0.932966
0,0.762835
0,0.730727
0,0.795798
0,0.676842
0,0.671456
0,0.776337
0,0.765931
0,0.835911
0,0.75188
0,0.780001
0,0.658545
0,0.875051
0,0.780884
0,0.787402
0,0.769349
0,0.625916
0,0.834655
0,0.653723
0,1.141748
0,0.945716
0,0.774293
0,0.653808
0,1.03868
0,0.95429
0,1.01126
0,0.583127
0,1.022025
0,0.992812
0,0.804602
0,1.08481
0,0.824844
0,1.024795
0,0.700035
0,0.880282
0,1.118693
0,0.687285
0,0.702938
0,1.052615
0,0.702001
0,0.646804
0,0.719166
0,0.689655
0,0.666445
0,0.625329
0,0.60009
0,1.046737
0,0.750469
0,0.683878
0,0.574747
0,0.665779
0,0.684697
0,1.045511
0,0.662471
0,0.850991
0,0.94697
0,0.662252
0,0.79545
0,1.030503
0,0.696932
0,0.787743
0,0.977947
0,0.693001
0,0.763359
0,1.00314
0,0.763417
0,1.043929
0,0.722022
0,0.984737
0,1.285512
0,0.86847
0,0.953107
0,0.587959
0,1.047011
0,0.658887
0,0.61359
0,1.030434
0,0.723223
0,1.081432
0,0.811359
0,1.058873
0,0.564119
0,0.578847
0,0.662471
0,0.696233
0,0.76599
0,0.601884
0,1.076542
0,0.716563
0,0.591333
0,0.813438
0,0.92009
0,1.045369
0,0.76266
0,0.784714
0,0.82085
0,0.824232
0,0.62806
0,0.8625
0,0.749738
0,0.638978
0,1.197662
0,0.66912
0,1.047779
0,1.093972
0,0.660066
0,0.685401
0,0.749906
0,0.787681
0,0.906988
0,0.871346
0,0.800096
0,0.943752
0,1.058722
0,0.950525
0,0.564689
0,1.070034
0,0.650586
0,0.883119
0,1.094571
0,0.670017
0,0.911245
0,0.617742
0,1.068753
0,0.666445
0,0.817695
0,0.667468
0,0.863558
0,0.793179
0,0.859476
0,1.029935
0,1.094271
0,1.050354
0,0.676133
0,1.194886
0,1.110389
0,1.09218
0,1.257624
0,0.716589
0,1.097755
0,0.838223
0,1.126856
0,0.565722
0,1.260192
0,0.845952
0,0.583844
0,0.812331
0,0.793021
0,0.717103
0,1.038961
0,0.982371
0,1.03419
0,0.587786
0,0.818632
0,0.8141
0,0.849473
0,0.672495
0,1.094691
0,0.797766
0,0.657552
0,0.805883
0,0.65703
0,0.580793
0,0.682128
0,0.784221
0,1.063377
0,0.817294
0,0.714541
0,0.604942
0,0.765404
0,0.669568
0,0.657275
0,0.770179
0,1.06553
0,0.818431
0,1.001201
0,0.817528
0,0.903179
0,0.697204
0,1.11291
0,0.869943
0,0.868697
0,0.668673
0,0.8296
0,1.021085
0,0.586116
0,0.773994
0,0.622784
0,0.587285
0,1.018221
0,1.116757
0,0.668226
0,0.600384
0,0.679625
0,0.724001
0,0.67331
0,0.709824
0,0.659352
0,1.050806
0,0.82021
0,1.047241
0,1.063988
0,0.612777
0,1.072271
0,0.725163
0,0.9997
0,0.667579
0,0.778513
0,0.705467
0,0.820924
0,0.734916
0,0.930899
0,0.689382
0,0.770861
0,1.066445
0,1.033037
0,0.838926
0,0.740741
0,0.578951
0,0.694493
0,0.972905
0,1.127574
0,1.039285
0,0.994135
0,0.809913
0,1.075494
0,1.037883
0,0.757863
0,0.770001
0,1.097382
0,0.844702
0,0.768965
0,0.725163
0,0.801282
0,0.615655
0,0.61418
0,0.661594
0,0.707059
0,0.559969
0,1.107788
0,0.58576
0,0.668226
0,0.685166
0,0.785238
0,0.758898
0,0.697934
0,0.634041
0,0.707965
0,1.078807
0,0.640287
0,0.659851
0,0.884212
0,0.785978
0,1.121831
0,0.973947
0,1.121189
0,0.799105
0,1.034132
0,0.742776
0,1.015332
0,0.600258
0,0.78734
0,0.636132
0,0.675539
0,1.0419
0,1.144335
0,1.045648
0,0.787712
0,0.643459
0,0.65822
0,0.64914
0,1.040691
0,0.702938
0,0.737817
0,0.670691
0,0.881446
0,1.081888
0,0.780336
0,1.02239
0,1.076739
0,0.818867
0,0.864902
0,0.673265
0,0.693626
0,0.587976
0,1.078632
0,0.728544
0,0.596694
0,0.964367
0,0.79968
0,1.023913
0,0.761615
0,1.077064
0,0.905018
0,1.072214
0,0.923574
0,0.887154
0,0.761035
0,0.668852
0,0.809258
0,0.640346
0,0.794597
0,0.849618
0,0.889442
0,0.806322
0,0.9755
0,1.084987
0,1.138278
0,0.767077
0,0.736513
0,1.136067
0,0.866784
0,0.932053
0,0.618684
0,0.813984
0,0.680041
0,0.801218
0,0.848536
0,0.673469
0,0.671141
0,0.928175
0,1.017134
0,0.675219
0,0.879507
0,0.749625
0,0.689941
0,0.804521
0,0.682268
0,1.073687
0,0.851245
0,0.661813
0,0.631513
0,0.686907
0,1.137482
0,1.027971
0,1.076299
0,0.703235
0,0.680346
0,0.590264
0,0.580162
0,1.095362
0,0.594445
0,1.078109
0,1.07826
0,0.972668
0,0.849473
0,0.798085
0,1.039069
0,0.615669
0,0.598814
0,1.017895
0,0.595344
0,1.084516
0,0.683527
0,1.091346
0,0.804829
0,0.841326
0,0.788302
0,0.713623
0,0.947598
0,1.022443
0,1.033037
0,0.946566
0,0.994392
0,0.835771
0,0.846024
0,0.66357
0,1.089918
0,0.788924
0,0.907812
0,0.811754
0,0.681663
0,1.092001
0,1.05658
0,0.767636
0,1.219854
0,1.069605
0,1.080666
0,1.063377
0,0.874967
0,1.043313
0,1.189952
0,1.038972
0,0.825151
0,0.969368
0,0.851789
0,0.604996
0,1.043656
0,0.689845
0,1.071524
0,0.731582
0,1.058151
0,0.733676
0,0.672043
0,0.80016
0,0.970261
0,0.659413
0,0.753296
0,0.983043
0,0.692089
0,0.757002
0,0.672495
0,0.908265
0,0.766078
0,0.779423
0,0.861178
0,0.853971
0,0.91529
0,0.771248
0,1.00634
0,1.025131
0,0.727431
0,1.027538
0,0.553611
0,0.862441
0,0.680041
0,0.677736
0,0.869943
0,0.607647
0,1.193645
0,0.879662
0,0.650595
0,0.671817
0,0.950932
0,0.784929
0,0.693626
0,1.006897
0,0.613855
0,0.928135
0,1.057977
0,1.035438
0,0.827815
0,0.831774
0,0.793367
0,1.128643
0,0.784252
0,0.776126
0,1.054396
0,0.732628
0,1.020273
0,0.680596
0,0.68018
0,0.808571
0,0.834376
0,0.816493
0,0.58483
0,0.714388
0,0.598695
0,1.121541
0,0.702741
0,1.097285
0,0.800192
0,0.951928
0,0.751033
0,1.033864
0,1.034158
0,0.589518
0,0.595841
0,0.589355
0,0.604485
0,0.669792
0,0.949713
0,1.08724
0,0.685401
0,0.871498
0,0.827815
0,0.683574
0,1.072754
0,0.696379
0,0.601793
0,0.965018
0,1.00548
0,0.998418
0,0.655539
0,1.076137
0,1.123343
0,0.661463
0,0.80032
0,0.761876
0,0.795292
0,1.038028
0,1.025504
0,1.06553
0,0.62901
0,0.663878
0,0.998707
0,0.63861
0,0.68465
0,0.861846
0,1.053852
0,0.813306
0,0.660284
0,0.564605
0,0.769527
0,0.687805
0,1.119251
0,1.117306
0,0.637308
0,0.995124
0,0.640577
0,0.675904
0,1.072961
0,0.861698
0,0.831393
0,0.601649
0,0.667914
0,0.652103
0,0.947715
0,1.024485
0,1.032871
0,0.748783
0,0.786473
0,0.928505
0,1.031247
0,1.106415
0,0.754034
0,0.560574
0,0.913743
0,0.800544
0,1.035025
0,0.678518
0,0.642921
0,1.182648
0,0.759878
0,0.877963
0,0.983961
0,0.712962
0,1.054786
0,1.074824
0,0.585315
0,1.267427
0,0.997138
0,0.671366
0,0.724218
0,1.096822
0,0.665779
0,0.67981
0,0.671276
0,1.062756
0,0.674764
0,1.021138
0,0.873744
0,0.949794
0,0.807624
0,0.668449
0,0.833715
0,1.111358
0,0.973757
0,0.733945
0,0.593765
0,0.852479
0,1.012002
0,0.923276
0,0.683434
0,0.653688
0,0.854701
0,0.810274
0,0.777257
0,1.064963
0,1.021049
0,1.118137
0,0.701262
0,0.687285
0,1.065871
0,0.833542
0,0.806744
0,0.557041
0,0.755002
0,0.595096
0,0.803536
0,0.689974
0,0.591366
0,1.063988
0,0.803762
0,0.695169
0,0.784283
0,0.953971
0,0.824878
0,1.032434
0,0.95039
0,0.898271
0,0.878735
0,0.858369
0,1.096323
0,0.80782
0,1.127949
0,0.66313
0,1.072035
0,0.835317
0,0.859732
0,0.695314
0,0.823249
0,1.056028
0,0.724375
0,0.86494
0,0.768521
0,0.836037
0,0.912867
0,0.782473
0,0.658328
0,0.770001
0,0.921799
0,1.085417
0,0.783914
0,0.945367
0,0.823859
0,0.670064
0,0.938113
0,0.685636
0,0.657462
0,0.68956
0,0.857898
0,0.818063
0,0.994431
0,0.792896
0,0.660284
0,0.793336
0,0.648777
0,0.701754
0,1.187324
0,1.091167
0,0.866176
0,0.738007
0,1.139653
0,1.001252
0,1.090227
0,0.714286
0,0.952971
0,0.829119
0,0.5716
0,0.880282
0,0.685965
0,1.059827
0,0.703977
0,0.818063
0,1.058481
0,1.071444
0,1.068513
0,0.951384
0,1.089206
0,1.135976
0,0.833646
0,0.801443
0,0.844096
0,0.811524
0,0.667557
0,1.049434
0,0.786287
0,0.702988
0,1.022495
0,0.677277
0,0.672741
0,0.810734
0,0.906495
0,1.102603
0,0.726744
0,0.730194
0,0.649854
0,1.024286
0,0.676361
0,1.091316
0,0.763927
0,0.675219
0,0.968804
0,0.707914
0,0.963828
0,1.041667
0,0.656254
0,0.938262
0,0.697593
0,1.052776
0,0.562584
0,0.913242
0,0.801282
0,0.582127
0,0.76365
0,0.864603
0,0.902568
0,1.037457
0,0.614548
0,0.702494
0,0.831566
0,0.674624
0,1.007765
0,1.184273
0,0.977608
0,0.781067
0,0.833264
0,1.058957
0,0.795862
0,0.636468
0,0.984868
0,0.721457
0,0.801186
0,0.859476
0,0.666001
0,0.849762
0,0.789858
0,0.602954
0,0.705999
0,1.164551
0,1.123002
0,0.815378
0,0.760919
0,1.016518
0,0.811787
0,0.611783
0,0.795687
0,0.615087
0,1.060558
0,1.0081
0,0.60529
0,1.040242
0,0.671592
0,1.115567
0,0.694927
0,1.12605
0,0.675793
0,0.703977
0,0.793021
0,0.861326
0,1.02416
0,1.100897
0,1.09286
0,0.810471
0,0.768521
0,1.077261
0,1.101261
0,1.079331
0,0.604485
0,0.94697
0,0.689929
0,1.012043
0,1.149914
0,1.095218
0,1.089978
0,1.116695
0,0.688942
0,0.769157
0,0.671817
0,1.083424
0,0.989071
0,0.648615
0,1.050525
0,0.555192
0,0.767872
0,0.730345
0,1.037398
0,0.692785
0,1.17269
0,1.08121
0,1.076148
0,0.922169
0,1.067464
0,0.586589
0,0.993937
0,0.685401
0,1.030503
0,0.580387
0,0.845594
0,0.669792
0,0.818699
0,0.655738
0,0.938791
0,1.248439
0,0.991179
0,0.620132
0,1.116383
0,0.976181
0,0.735132
0,1.027955
0,0.951565
0,0.761035
0,1.034768
0,1.033709
0,0.785114
0,1.098605
0,1.096083
0,1.029071
0,0.593067
0,0.682594
0,0.833021
0,0.810406
0,1.082497
0,0.671141
0,1.143864
0,0.768226
0,0.643473
0,0.790514
0,0.933707
0,0.69483
0,0.677599
0,1.039231
0,0.742198
0,0.795197
0,1.016105
0,0.777303
0,0.866176
0,1.076195
0,0.991375
0,0.811688
0,0.817929
0,1.037065
0,0.613742
0,0.771962
0,0.678933
0,1.013187
0,0.808277
0,1.013223
0,0.771903
0,1.083893
0,0.812513
0,0.584747
0,0.85034
0,0.975714
0,1.01493
0,0.701262
0,0.710732
0,0.675904
0,0.561707
0,0.975324
0,0.680643
0,0.71958
0,0.616318
0,0.982608
0,1.052964
0,1.220852
0,1.30039
0,0.841645
0,1.117774
0,1.082626
0,0.699301
0,0.662691
0,0.737599
0,0.74129
0,1.087429
0,0.66256
0,1.025957
0,1.041938
0,0.823689
0,0.651254
0,0.601734
0,0.855725
0,0.657246
0,1.119896
0,0.670916
0,0.804764
0,0.990119
0,0.735024
0,0.811326
0,0.630842
0,0.883236
0,0.860807
0,1.045205
0,1.195886
0,0.764848
0,0.848536
0,1.070778
0,0.796844
0,0.57379
0,0.604705
0,0.663771
0,1.039177
0,0.85266
0,0.914704
0,1.005055
0,0.667601
0,1.098702
0,0.627102
0,0.98256
0,0.976658
0,0.893895
0,0.682967
0,0.858738
0,0.781525
0,0.813339
0,0.702247
0,0.710227
0,0.855652
0,1.024223
0,0.735402
0,0.961446
0,0.686483
0,0.660066
0,1.036828
0,0.919244
0,0.568027
0,0.744602
0,1.069679
0,0.800064
0,0.716846
0,0.680735
0,0.666089
0,1.04196
0,0.9568
0,0.661463
0,0.672857
0,1.127434
0,0.666001
0,0.868056
0,0.659196
0,0.752672
0,0.680041
0,0.817461
0,0.629411
0,0.695265
0,1.021889
0,0.703884
0,1.089123
0,0.668896
0,0.696621
0,0.713521
0,0.8726
0,0.667067
0,0.895175
0,0.609552
0,0.673174
0,0.564405
0,0.580117
0,0.707714
0,0.810406
0,1.070034
0,1.053519
0,1.092359
0,1.08038
0,0.682594
0,0.656901
0,0.856531
0,0.928203
0,0.553403
0,0.861991
0,1.046457
0,1.02521
0,1.079214
0,0.647786
0,0.829876
0,1.11309
0,0.997437
0,0.915416
0,0.97219
0,1.075153
0,0.818096
0,0.811952
0,1.067076
0,0.743992
0,1.049208
0,0.780153
0,0.862813
0,0.855432
0,0.66177
0,0.83382
0,0.75643
0,0.654917
0,0.619512
0,1.038761
0,0.675356
0,0.561523
0,0.709572
0,1.044812
0,0.809389
0,1.007811
0,0.818163
0,1.022286
0,1.012392
0,1.073019
0,0.584761
0,0.787557
0,0.687758
0,0.785238
0,0.622045
0,0.879121
0,0.837311
0,0.904895
0,1.04028
0,0.69701
0,0.700035
0,1.101928
0,0.68362
0,1.042535
0,0.756315
0,0.816627
0,0.661026
0,0.797035
0,0.564924
0,0.757002
0,0.784314
0,1.059906
0,1.039566
0,0.859882
0,0.666223
0,0.774293
0,0.685401
0,0.588893
0,0.782442
0,1.158963
0,0.839631
0,0.610545
0,0.593419
0,0.853971
0,0.761035
0,0.684229
0,1.048163
0,0.8921
0,0.81057
0,1.070819
0,0.848356
0,1.047559
0,0.684596
0,0.564851
0,1.057865
0,1.118318
0,0.707965
0,1.028278
0,0.801571
0,0.803859
0,0.785608
0,0.90269
0,0.886682
0,0.672133
0,0.764
0,0.678104
0,1.059996
0,0.690084
0,0.776669
0,1.074298
0,0.788644
0,0.837802
0,0.598408
0,0.931446
0,1.020867
0,0.556777
0,1.056267
0,0.775314
0,0.728067
0,0.774954
0,0.671817
0,1.224995
0,0.666844
0,0.842247
0,0.687002
0,0.784498
0,1.1347
0,1.013839
0,1.017998
0,0.759417
0,1.071524
0,0.677048
0,0.716846
0,0.863185
0,0.579143
0,0.690417
0,1.046726
0,0.671366
0,0.927644
0,0.601558
0,1.011839
0,0.844096
0,0.686436
0,0.664319
0,1.011291
0,0.603245
0,0.712352
0,0.66335
0,0.659805
0,0.636723
0,0.892777
0,0.684229
0,1.024013
0,0.840548
0,1.127714
0,1.178967
0,0.654466
0,1.178314
0,0.677369
0,0.884932
0,0.591926
0,1.123255
0,0.991129
0,0.654022
0,0.8
0,0.668003
0,0.792424
0,0.705716
0,0.777091
0,0.665779
0,1.186549
0,1.130007
0,1.022945
0,0.837521
0,0.776096
0,1.291339
0,0.559262
0,0.982463
0,0.678334
0,0.864715
0,1.114014
0,0.686719
0,0.673219
0,1.047982
0,0.565808
0,0.936637
0,1.179051
0,0.79713
0,1.092478
0,0.751033
0,0.679256
0,0.937295
0,0.935016
0,0.806582
0,0.665779
0,0.727273
0,0.57701
0,0.710076
0,1.026536
0,0.866927
0,0.686342
0,0.83675
0,0.878162
0,0.665912
0,0.685871
0,0.876271
0,1.115032
0,0.720098
0,0.753296
0,0.811293
0,0.776096
0,0.607204
0,0.66778
0,0.621388
0,0.899475
0,0.793682
0,0.600643
0,0.86719
0,0.565467
0,0.586304
0,0.672812
0,0.760456
0,0.688468
0,0.853643
0,0.699888
0,1.192677
0,1.098605
0,0.630031
0,0.921532
0,0.726111
0,1.04734
0,0.714541
0,0.864304
0,0.880049
0,1.036699
0,0.694444
0,0.798085
0,1.016963
0,0.959831
0,1.009928
0,0.68918
0,0.762777
0,0.788239
0,1.111803
0,0.675995
0,0.87581
0,1.118137
0,1.087417
0,0.640636
0,0.75358
0,0.795862
0,0.804052
0,0.799488
0,0.740192
0,0.634467
0,0.780229
0,0.780336
0,0.662032
0,0.798977
0,0.874126
0,1.097346
0,0.66778
0,0.667334
0,0.775404
0,0.724375
0,1.046518
0,1.016984
0,0.718907
0,0.764234
0,0.808081
0,0.610386
0,0.866852
0,1.08885
0,0.628457
0,0.604412
0,0.981066
0,1.061492
0,0.808865
0,0.785639
0,0.732118
0,0.662383
0,0.95984
0,0.760167
0,1.032844
0,1.036645
0,0.970921
0,0.593542
0,0.730194
0,0.761644
0,0.578047
0,0.706252
0,0.764614
0,1.068776
0,0.799361
0,0.695555
0,0.600727
0,0.85778
0,0.651434
0,0.681518
0,0.823384
0,1.021555
0,1.055264
0,0.736377
0,0.772977
0,0.706964
0,0.755059
0,0.855469
0,1.065417
0,1.020039
0,0.800544
0,0.799041
0,0.662009
0,1.049571
0,0.631712
0,0.733676
0,0.859767
0,0.925412
0,0.794281
0,1.083365
0,0.720773
0,0.886682
0,1.073019
0,0.8604
0,1.000365
0,0.666578
0,0.680735
0,0.690131
0,1.071421
0,0.863111
0,0.981354
0,0.717669
0,0.759713
0,0.647722
0,0.669792
0,0.579839
0,0.7303
0,1.079383
0,0.78911
0,1.082544
0,0.860811
0,0.603513
0,0.593518
0,0.701508
0,0.732123
0,0.644122
0,0.929973
0,0.849473
0,1.032525
0,1.008985
0,0.932966
0,1.037404
0,0.778816
0,0.662691
0,0.806094
0,0.661463
0,0.781555
0,1.077656
0,0.685119
0,0.675265
0,0.582479
0,0.843953
0,0.868282
0,0.998712
0,0.652869
0,1.115897
0,0.659196
0,0.855981
0,1.090275
0,1.047982
0,0.706964
0,0.996512
0,0.797639
0,0.863968
0,0.817996
0,1.056993
0,1.114008
0,1.02593
0,0.574838
0,0.668986
0,0.682035
0,0.982053
0,0.739208
0,1.12026
0,0.680226
0,1.088613
0,0.661376
0,0.689655
0,0.671637
0,0.860047
0,0.661244
0,0.711389
0,0.877155
0,1.091286
0,0.681524
0,0.61025
0,0.675219
0,0.657462
0,0.677599
0,1.089497
0,0.75188
0,1.067703
0,0.867905
0,0.66836
0,1.012248
0,0.832258
0,1.053408
0,0.732601
0,0.968992
0,0.983187
0,0.928221
0,1.119376
0,0.812612
0,1.134687
0,0.812942
0,0.74107
0,0.755858
0,0.652103
0,0.967024
0,0.829084
0,0.690512
0,0.821659
0,1.061346
0,1.057418
0,0.843526
0,1.050332
0,0.709723
0,0.635185
0,0.751823
0,0.976038
0,0.861946
0,0.741455
0,0.767224
0,0.876847
0,0.806322
0,0.735564
0,0.856164
0,0.943276
0,0.627069
0,0.679117
0,0.811853
0,0.82335
0,0.764117
0,1.176886
0,0.784745
0,0.904527
0,0.9738
0,0.73524
0,1.045916
0,0.773754
0,0.891186
0,0.656903
0,1.065303
0,0.577318
0,0.984688
0,0.964553
0,1.133915
0,0.786627
0,0.601251
0,1.123974
0,0.737246
0,0.656728
0,1.258717
0,0.670466
0,0.897545
0,0.729634
0,1.033437
0,0.678794
0,0.922075
0,0.627141
0,0.752021
0,0.777303
0,0.79713
0,0.687676
0,0.677186
0,0.750469
0,0.824198
0,0.832563
0,0.667646
0,0.609074
0,0.884447
0,1.18779
0,0.784621
0,0.855432
0,1.11278
0,0.760514
0,0.558474
0,1.057027
0,0.703334
0,1.063717
0,0.70932
0,1.221299
0,1.023405
0,0.660066
0,0.677599
0,0.629059
0,0.752842
0,0.677277
0,0.938615
0,0.982994
0,1.0711
0,1.045653
0,0.816193
0,1.086838
0,0.733192
0,0.699203
0,0.61361
0,0.809127
0,0.730727
0,0.961261
0,1.048696
0,1.047395
0,0.875235
0,0.595527
0,0.804829
0,0.948317
0,1.057809
0,1.02438
0,0.963206
0,0.587572
0,0.585166
0,0.679552
0,0.695169
0,1.017434
0,1.031779
0,0.741565
0,1.110556
0,1.007125
0,1.107788
0,1.114045
0,0.650755
0,0.768787
0,0.579054
0,1.070813
0,0.796749
0,0.99785
0,0.668539
0,1.090786
0,1.161744
0,1.120103
0,0.686577
0,0.806045
0,1.016777
0,0.817428
0,0.91781
0,0.779879
0,0.664452
0,0.70028
0,0.705219
0,0.649101
0,0.611483
0,0.652869
0,0.64041
0,0.87311
0,0.798276
0,1.014101
0,1.048405
0,0.661113
0,0.935252
0,0.773186
0,0.637836
0,0.78235
0,0.987801
0,1.021889
0,1.077238
0,0.974246
0,0.794913
0,0.626935
0,1.020408
0,1.019649
0,1.110556
0,0.938086
0,1.100437
0,0.626802
0,0.604675
0,1.043188
0,0.832362
0,1.070721
0,0.889284
0,1.118356
0,1.016209
0,1.106709
0,0.746882
0,0.588062
0,0.65401
0,0.940115
0,1.066428
0,1.019924
0,0.687049
0,0.593289
0,0.799361
0,1.054841
0,0.777242
0,0.788644
0,0.861104
0,0.602943
0,0.817996
0,0.727961
0,0.675447
0,0.815611
0,1.081432
0,0.979557
0,0.772201
0,0.787092
0,0.58215
0,0.819269
0,1.120379
0,0.968945
0,0.679071
0,1.080007
0,1.024433
0,0.632711
0,1.183572
0,0.616281
0,1.050696
0,0.858141
0,1.101807
0,0.889126
0,0.896499
0,1.024984
0,1.071582
0,1.006416
0,0.668003
0,0.654365
0,0.676682
0,0.810307
0,0.773664
0,1.028235
0,1.010239
0,0.759763
0,0.829876
0,0.920704
0,1.12178
0,0.710028
0,1.082017
0,1.040431
0,0.607128
0,0.678887
0,0.807233
0,1.096437
0,0.729661
0,0.74184
0,1.012402
0,0.67944
0,0.788955
0,0.66335
0,0.861326
0,1.075963
0,0.661244
0,0.841885
0,1.106317
0,0.883002
0,1.014101
0,0.814332
0,0.796052
0,0.676469
0,1.131862
0,0.80289
0,0.789702
0,0.578317
0,0.690846
0,0.782503
0,0.716249
0,1.021242
0,0.733138
0,0.936988
0,0.673627
0,0.77821
0,0.765697
0,1.11715
0,1.046518
0,0.880669
0,1.127434
0,1.098002
0,0.963345
0,0.827541
0,0.991606
0,0.701508
0,0.872372
0,0.782595
0,1.049489
0,0.929282
0,0.783423
0,1.062869
0,1.105522
0,1.058604
0,1.083271
0,0.842673
0,0.644062
0,0.772439
0,0.610909
0,0.826788
0,0.808277
0,0.984339
0,0.728863
0,1.187366
0,0.696379
0,0.793651
0,0.83696
0,0.591856
0,0.763242
0,0.558077
0,0.830565
0,0.675356
0,0.864678
0,0.81696
0,0.882613
0,0.609064
0,0.598336
0,0.632958
0,0.908109
0,0.801218
0,0.86408
0,0.984397
0,1.035261
0,1.008014
0,1.063479
0,0.80525
0,0.815195
0,0.643606
0,0.668271
0,1.069919
0,0.92554
0,1.139991
0,0.747943
0,0.805023
0,0.994382
0,1.132035
0,0.705219
0,0.718133
0,0.734835
0,0.770772
0,0.612104
0,0.599808
0,1.084175
0,0.831601
0,0.929627
0,1.078784
0,0.802021
0,1.058481
0,1.077087
0,0.823181
0,0.711238
0,1.026036
0,0.959141
0,0.982415
0,1.062411
0,0.740576
0,1.029654
0,0.821794
0,0.701262
0,0.561505
0,0.658545
0,1.039231
0,0.809062
0,0.874814
0,0.616542
0,0.565489
0,0.763942
0,0.677507
0,1.117244
0,0.656599
0,1.090988
0,0.69056
0,0.761731
0,1.024858
0,0.600517
0,0.941974
0,0.784314
0,0.757002
0,0.938685
0,0.917204
0,0.806809
0,0.907688
0,0.702889
0,0.664452
0,0.600372
0,0.642926
0,0.807233
0,0.714031
0,0.803665
0,0.81367
0,0.790608
0,1.075963
0,1.05287
0,0.835422
0,0.8726
0,1.036474
0,1.033699
0,0.696621
0,0.809487
0,0.787712
0,0.897666
0,1.043188
0,0.92736
0,0.862441
0,1.091822
0,0.655093
0,0.726322
0,0.700126
0,0.784037
0,1.02593
0,0.728863
0,0.796052
0,0.575583
0,0.755858
0,0.979871
0,0.828844
0,0.584029
0,1.020523
0,0.692521
0,0.655093
0,0.839067
0,0.984107
0,0.789889
0,1.103193
0,0.889798
0,0.647668
0,0.660764
0,1.130825
0,0.680272
0,0.717103
0,0.869036
0,1.091536
0,0.763709
0,0.757203
0,1.001989
0,0.688279
0,0.731529
0,0.831808
0,0.765111
0,0.833403
0,0.574144
0,0.88129
0,1.052964
0,0.919329
0,1.074114
0,1.11937
0,0.67838
0,0.852769
0,0.555639
0,0.80186
0,0.708466
0,0.874508
0,0.579544
0,0.855615
0,1.116321
0,0.802761
0,0.612773
0,1.101916
0,0.693963
0,0.816693
0,0.926836
0,1.006816
0,0.827472
0,0.644044
0,1.056954
0,0.858185
0,0.780396
0,0.718391
0,0.844416
0,0.633513
0,0.66335
0,0.711744
0,0.825968
0,1.240941
0,0.689655
0,1.087465
0,0.589147
0,0.948497
0,0.600721
0,0.564924
0,0.82176
0,0.800512
0,0.716589
0,0.604748
0,0.66379
0,0.740631
0,0.719339
0,0.872068
0,0.764438
0,0.745712
0,0.693722
0,0.843989
0,0.590702
0,0.802955
0,0.618448
0,0.85859
0,1.144492
0,1.056524
0,0.991375
0,0.562301
0,0.825627
0,0.763417
0,0.674673
0,1.002074
0,1.02351
0,0.646496
0,1.035368
0,0.687521
0,1.041678
0,0.696621
0,0.67659
0,0.96446
0,0.5564
0,0.79818
0,0.900414
0,1.008014
0,1.025773
0,0.672605
0,1.065269
0,0.683807
0,0.975515
0,0.5919
0,1.039215
0,1.174978
0,1.036318
0,1.115947
0,0.681896
0,0.695894
0,0.98174
0,0.720825
0,0.646538
0,0.673537
0,0.674992
0,0.681524
0,0.695604
0,1.041694
0,1.019581
0,0.611536
0,0.973743
0,0.868056
0,0.660066
0,0.765726
0,0.738116
0,0.669862
0,1.097087
0,0.992319
0,0.677094
0,0.615162
0,0.688231
0,0.764584
0,0.74499
0,0.947059
0,0.598623
0,0.964878
0,0.678196
0,0.613657
0,0.775134
0,1.039177
0,0.66359
0,0.829325
0,0.709723
0,0.704722
0,1.089562
0,0.968476
0,0.837942
0,1.102189
0,0.80125
0,0.827815
0,0.993789
0,0.867303
0,0.71048
0,1.022735
0,0.771784
0,0.974991
0,0.837872
0,0.705716
0,1.026552
0,0.633473
0,0.753693
0,1.139328
0,0.974289
0,0.826754
0,0.847565
0,1.038745
0,0.761586
0,1.045058
0,1.100915
0,0.828123
0,1.079226
0,0.701754
0,1.091048
0,1.101631
0,0.688848
0,0.981894
0,1.075494
0,0.66357
0,0.717103
0,1.085329
0,0.682454
0,0.775134
0,0.878735
0,0.951411
0,0.653912
0,0.811655
0,0.863707
0,0.559758
0,0.775795
0,1.279345
0,0.670781
0,1.059165
0,0.669299
0,0.62117
0,0.769556
0,1.037807
0,0.992635
0,0.594583
0,0.673832
0,1.092657
0,1.045642
0,1.093667
0,0.672902
0,0.797925
0,1.050332
0,0.806582
0,0.910374
0,0.68163
0,0.990982
0,1.082474
0,0.941531
0,0.595645
0,0.680735
0,1.127777
0,1.087465
0,0.790889
0,1.055493
0,1.01388
0,1.071541
0,0.579546
0,1.035668
0,1.126335
0,0.686766
0,0.611091
0,0.662778
0,1.028965
0,0.810438
0,1.004672
0,1.13701
0,0.693818
0,0.792896
0,0.782503
0,0.88574
0,0.864342
0,1.035127
0,0.828878
0,0.569622
0,0.8371
0,0.79526
0,0.804279
0,1.025094
0,1.092681
0,1.036823
0,0.602423
0,1.012387
0,0.659848
0,0.69735
0,0.666223
0,0.783638
0,1.036312
0,1.040929
0,0.988685
0,0.964288
0,1.240387
0,0.787402
0,0.828912
0,1.071019
0,0.670241
0,0.880669
0,0.775494
0,1.13353
0,0.864678
0,0.888691
0,0.697107
0,1.040994
0,1.170823
0,0.602653
0,0.697253
0,0.895977
0,0.865052
0,0.859114
0,1.172883
0,0.671908
0,0.813603
0,0.683527
0,0.821018
0,0.672405
0,0.674082
0,0.9602
0,0.705916
0,1.118074
0,1.060249
0,1.058873
0,0.608169
0,1.051912
0,0.778392
0,0.668807
0,0.646945
0,0.700771
0,0.770594
0,0.615626
0,0.832639
0,0.688563
0,1.036592
0,0.860585
0,0.857265
0,0.809192
0,0.650618
0,0.758898
0,0.761383
0,0.697593
0,0.66912
0,0.942507
0,0.828775
0,0.778968
0,1.064566
0,0.831463
0,0.678196
0,0.83675
0,1.040042
0,0.773395
0,1.129305
0,0.815694
0,0.817027
0,0.584596
0,0.994481
0,0.861698
0,0.675904
0,1.137165
0,0.781311
0,0.771307
0,0.874508
0,1.139121
0,0.762369
0,0.66107
0,0.761992
0,1.041477
0,0.801089
0,0.680087
0,1.060041
0,0.623748
0,0.660066
0,1.048037
0,0.716743
0,0.800032
0,0.973516
0,1.031029
0,0.738661
0,0.747887
0,0.869943
0,0.662471
0,0.985736
0,0.604887
0,0.83619
0,0.839419
0,0.682128
0,0.819001
0,0.87108
0,0.962043
0,1.302983
0,0.716486
0,0.859107
0,0.83129
0,0.698812
0,0.767842
0,0.983236
0,0.881135
0,1.067566
0,0.622023
0,1.076948
0,0.570915
0,0.942152
0,1.067384
0,1.192407
0,1.060952
0,0.74129
0,0.678887
0,0.698227
0,0.820176
0,0.643708
0,0.789079
0,0.920802
0,0.8285
0,0.740741
0,0.677048
0,0.634719
0,0.697253
0,0.656599
0,1.039944
0,1.097936
0,0.68306
0,0.796813
0,0.7249
0,0.720461
0,0.699056
0,0.877116
0,0.790608
0,0.852515
0,0.655953
0,0.695314
0,0.814664
0,0.774593
0,0.77912
0,0.693385
0,0.682594
0,0.804279
0,0.869338
0,0.966277
0,1.030853
0,0.813041
0,0.592525
0,0.68975
0,0.66357
0,0.787402
0,0.879624
0,0.867152
0,0.799169
0,0.755629
0,0.604851
0,0.859107
0,0.946208
0,0.694782
0,1.075801
0,0.865276
0,0.92898
0,1.118074
0,0.770654
0,1.071237
0,1.08045
0,0.711288
0,0.755116
0,0.667423
0,0.733353
0,0.855213
0,0.887036
0,1.084234
0,0.798594
0,0.655093
0,0.807885
0,1.089325
0,0.721657
0,0.670691
0,0.881057
0,0.721865
0,0.677736
0,1.108666
0,0.801925
0,0.617303
0,0.75643
0,0.660719
0,0.615247
0,0.874891
0,0.763417
0,1.02501
0,0.752304
0,0.698324
0,1.070286
0,0.968653
0,0.73185
0,1.00713
0,0.65445
0,0.607718
0,0.788955
0,0.783269
0,0.682454
0,0.887233
0,0.973236
0,0.777001
0,0.674764
0,0.674422
0,0.908471
0,0.737518
0,0.871612
0,1.030923
0,0.732332
0,0.772648
0,1.062756
0,0.960919
0,0.679486
0,1.005895
0,1.035143
0,0.68918
0,0.747943
0,0.672585
0,0.840902
0,0.922637
0,0.825764
0,0.8036
0,0.787092
0,0.771664
0,1.098454
0,0.583037
0,1.094751
0,0.982318
0,0.920387
0,0.661376
0,0.602017
0,0.741675
0,1.008654
0,1.083212
0,0.671051
0,0.791484
0,1.103339
0,0.69979
0,0.972573
0,0.823791
0,0.681663
0,1.221404
0,1.031247
0,0.755572
0,1.104362
0,0.775795
0,0.841999
0,0.840124
0,0.775675
0,1.136616
0,0.908802
0,0.794502
0,0.99956
0,0.725096
0,0.801925
0,1.085258
0,0.672043
0,0.801057
0,1.072127
0,0.665802
0,0.773754
0,1
0,1.033058
0,0.960154
0,0.673764
0,0.840619
0,0.822944
0,1.148501
0,0.870019
0,1.026647
0,0.662208
0,0.70922
0,0.597634
0,0.660502
0,0.719683
0,0.998602
0,1.271682
0,0.859321
0,0.680967
0,0.940893
0,0.827952
0,0.705716
0,0.692137
0,1.106317
0,0.838153
0,0.827404
0,0.740604
0,0.777152
0,0.792424
0,1.115947
0,0.771337
0,0.800576
0,0.667802
0,0.944555
0,1.059344
0,1.011695
0,0.599197
0,0.685401
0,0.741235
0,0.668003
0,0.723589
0,1.079214
0,0.676133
0,0.985513
0,0.839349
0,0.829531
0,0.704821
0,0.680967
0,0.718649
0,0.730834
0,0.601782
0,1.070859
0,0.862999
0,0.770713
0,1.047186
0,1.134945
0,0.65445
0,0.730727
0,0.790826
0,0.87184
0,0.656599
0,0.697058
0,0.668003
0,1.043079
0,0.678887
0,0.608902
0,1.037092
0,0.74184
0,0.62422
0,0.985707
0,1.193887
0,0.66454
0,0.818599
0,0.882383
0,1.032338
0,0.608249
0,0.764584
0,0.810964
0,0.816993
0,1.026905
0,0.994951
0,1.221195
0,1.013716
0,0.993197
0,0.660764
0,1.138434
0,0.813223
0,0.763068
0,0.788955
0,0.625426
0,0.987996
0,0.5997
0,1.10807
0,0.881834
0,0.767283
0,1.019145
0,0.982801
0,0.658111
0,0.857339
0,0.991036
0,0.815661
0,0.924847
0,0.77006
0,0.68918
0,1.042579
0,0.688184
0,0.659413
0,1.038044
0,0.875925
0,0.846955
0,0.794281
0,0.777001
0,1.058896
0,1.039339
0,1.031646
0,1.097526
0,1.074737
0,0.799744
0,0.8
0,0.812975
0,0.708215
0,1.007988
0,1.019784
0,1.073641
0,0.704225
0,1.18882
0,0.819001
0,0.670241
0,0.69979
0,1.121497
0,0.673854
0,0.83212
0,0.596921
0,0.654236
0,0.992093
0,0.60595
0,1.077818
0,1.01292
0,1.06929
0,1.047011
0,0.649984
0,1.016984
0,1.099789
0,0.951919
0,0.828363
0,0.670466
0,1.121139
0,0.757174
0,0.938086
0,0.652103
0,0.685166
0,1.028256
0,0.625399
0,0.658545
0,0.702494
0,0.794786
0,0.585577
0,0.704473
0,0.761267
0,0.68738
0,1.12178
0,0.843526
0,0.669927
0,0.919075
0,1.117905
0,0.985328
0,0.682547
0,1.068034
0,0.843135
0,0.890468
0,1.054419
0,1.103826
0,0.808407
0,0.645203
0,1.128426
0,0.6568
0,1.038497
0,0.570044
0,0.625274
0,0.859107
0,0.674764
0,0.582358
0,0.820143
0,0.677828
0,0.805915
0,0.858922
0,0.578266
0,0.591403
0,0.976658
0,0.83382
0,0.671592
0,1.10011
0,0.798531
0,1.101734
0,0.81011
0,0.695169
0,1.101625
0,0.703235
0,0.806777
0,0.655308
0,1.024874
0,1.068776
0,0.787371
0,1.039825
0,0.9764
0,1.009591
0,0.671366
0,0.777122
0,0.784929
0,0.826105
0,1.050398
0,1.140251
0,1.022955
0,1.110741
0,0.709421
0,0.818867
0,0.854701
0,0.782044
0,0.851209
0,0.969603
0,1.009856
0,0.798276
0,0.803213
0,0.829325
0,1.057753
0,0.768049
0,0.945582
0,1.030822
0,0.767813
0,0.922552
0,0.806679
0,0.786968
0,0.58061
0,0.771248
0,0.761035
0,1.114051
0,0.848572
0,0.649623
0,0.755572
0,0.677048
0,0.79869
0,0.747664
0,0.961538
0,0.608542
0,0.736648
0,0.7282
0,0.618487
0,0.655738
0,0.655093
0,0.743329
0,0.671658
0,0.641821
0,1.119319
0,0.813769
0,0.687994
0,0.883002
0,0.691324
0,0.757576
0,0.844131
0,1.116121
0,1.118356
0,0.857633
0,0.676727
0,1.084981
0,1.064147
0,0.851858
0,0.666778
0,0.850955
0,0.97682
0,0.800641
0,0.77815
0,0.6744
0,1.027063
0,0.660066
0,0.687191
0,1.121453
0,0.559154
0,0.822876
0,0.829876
0,0.693145
0,0.900657
0,1.120247
0,0.692041
0,1.020512
0,0.818867
0,0.656191
0,0.977297
0,0.942241
0,1.073048
0,0.665092
0,0.946468
0,0.694782
0,1.135654
0,0.720654
0,0.823588
0,0.680782
0,0.653509
0,0.797035
0,0.786164
0,0.682597
0,1.032983
0,0.810077
0,1.09405
0,0.697107
0,0.582261
0,0.895736
0,0.920107
0,0.706714
0,0.823723
0,0.665336
0,1.107174
0,1.135119
0,0.847817
0,1.246153
0,1.110692
0,1.08904
0,0.780518
0,1.011056
0,0.995025
0,0.791766
0,0.791515
0,0.791766
0,1.065496
0,0.789391
0,0.705219
0,0.652191
0,0.864528
0,0.692281
0,0.870398
0,0.789266
0,1.017087
0,0.82481
0,0.700035
0,0.870322
0,0.96353
0,0.99454
0,0.974251
0,0.921082
0,0.859771
0,0.901469
0,1.081028
0,0.786318
0,0.766049
0,1.072685
0,0.788115
0,0.652583
0,0.883509
0,1.075697
0,0.833403
0,1.021237
0,0.802311
0,0.766284
0,1.022809
0,0.969086
0,0.69541
0,0.695169
0,0.65703
0,0.632164
0,0.865052
0,0.856531
0,0.844131
0,0.718804
0,1.037813
0,1.078888
0,0.659065
0,1.035411
0,1.111692
0,0.784406
0,1.057681
0,0.806159
0,0.672178
0,1.024643
0,1.10407
0,0.767902
0,0.869641
0,1.265582
0,0.98595
0,0.604203
0,0.984204
0,0.914369
0,0.894294
0,0.808636
0,0.83633
0,0.67714
0,0.601251
0,1.059305
0,0.597194
0,0.682827
0,1.08952
0,0.995758
0,0.656254
0,0.978043
0,1.076195
0,1.022688
0,1.019945
0,0.867679
0,0.798403
0,0.823113
0,0.771903
0,0.577445
0,0.814664
0,0.698568
0,0.989609
0,0.835666
0,0.775434
0,0.809389
0,1.05658
0,1.133478
0,0.964227
0,0.806478
0,0.994481
0,0.700035
0,0.711896
0,0.86904
0,0.803084
0,0.580814
0,1.021774
0,1.023788
0,0.996458
0,0.662427
0,0.636543
0,0.602707
0,0.667379
0,0.828913
0,0.797003
0,0.803955
0,0.953407
0,0.953743
0,0.779362
0,0.79968
0,0.855432
0,1.012279
0,1.112421
0,0.980623
0,0.808898
0,0.911162
0,1.134514
0,0.658545
0,0.614459
0,1.08901
0,0.835422
0,0.694686
0,1.098611
0,0.845809
0,1.052853
0,0.847242
0,0.955019
0,0.656814
0,1.043667
0,0.697593
0,0.749148
0,1.084222
0,0.664673
0,0.595172
0,0.840336
0,0.819034
0,0.802407
0,0.783269
0,0.727491
0,1.068639
0,0.82149
0,0.941708
0,0.706964
0,0.874967
0,0.972234
0,0.975991
0,0.719424
0,1.107984
0,0.710732
0,0.697837
0,0.797894
0,1.033181
0,1.071409
0,0.656283
0,1.048696
0,0.785855
0,1.029442
0,0.660171
0,1.09493
0,0.678841
0,0.785238
0,0.6614
0,1.056022
0,0.957666
0,1.020106
0,0.805477
0,0.980344
0,0.864006
0,1.120649
0,0.831463
0,0.79164
0,0.601251
0,1.126354
0,0.794565
0,0.667869
0,0.760167
0,0.992856
0,0.795545
0,0.615001
0,0.693481
0,1.100171
0,0.757002
0,1.103424
0,0.920463
0,0.727379
0,1.033538
0,1.077041
0,0.77101
0,0.706864
0,1.194401
0,0.66778
0,0.668628
0,0.823961
0,0.670916
0,0.765697
0,0.668003
0,0.799073
0,0.663262
0,1.062727
0,1.12678
0,1.083072
0,1.370276
0,0.655523
0,0.754603
0,0.602348
0,0.688468
0,0.718391
0,0.78183
0,0.589206
0,1.125353
0,1.138563
0,1.111618
0,0.770416
0,1.086602
0,0.783392
0,1.069862
0,0.75815
0,0.863625
0,0.787402
0,0.667289
0,0.792079
0,0.64631
0,1.161319
0,1.023086
0,0.984204
0,0.812018
0,0.713419
0,1.035229
0,0.557125
0,0.57883
0,0.8726
0,1.077064
0,0.58574
0,0.59393
0,0.870474
0,0.818498
0,1.033912
0,0.863558
0,1.13977
0,0.842957
0,0.664894
0,0.65522
0,1.043732
0,0.629366
0,1.092096
0,1.099143
0,0.655523
0,0.777242
0,0.859919
0,0.986242
0,0.971034
0,1.056078
0,1.044659
0,1.103789
0,0.820176
0,0.96918
0,1.084305
0,0.588963
0,0.601685
0,0.752672
0,0.682035
0,0.707514
0,1.064566
0,0.838926
0,1.104911
0,0.604558
0,0.986295
0,1.044386
0,1.03114
0,0.702395
0,0.77682
0,0.838012
0,0.602664
0,0.930233
0,0.71803
0,1.042693
0,0.831221
0,0.716435
0,0.833681
0,1.080007
0,0.974754
0,0.851789
0,0.803923
0,0.775795
0,1.027723
0,0.804182
0,0.674309
0,0.786071
0,0.746826
0,1.126323
0,1.019576
0,0.981981
0,0.878194
0,1.121139
0,0.998752
0,0.848896
0,0.694444
0,0.852006
0,1.073843
0,0.672269
0,0.689085
0,0.738934
0,0.767931
0,0.831428
0,1.056524
0,1.066951
0,1.009479
0,0.801089
0,1.11438
0,0.843312
0,0.940893
0,0.794092
0,0.801571
0,1.006203
0,0.808244
0,1.089859
0,0.766518
0,0.719062
0,0.667557
0,0.961844
0,1.064912
0,0.669882
0,1.073094
0,0.602954
0,1.091381
0,0.950661
0,0.671727
0,0.687521
0,1.128426
0,0.761615
0,0.791766
0,0.683854
0,0.659048
0,0.865276
0,0.929282
0,0.872981
0,1.127199
0,0.814233
0,0.639202
0,0.837381
0,1.07118
0,0.942374
0,0.647249
0,1.068604
0,0.7857
0,1.005404
0,0.565953
0,0.799776
0,0.700771
0,0.73185
0,1.030609
0,1.096792
0,0.891218
0,1.114951
0,1.107665
0,0.678656
0,0.800801
0,0.701508
0,0.798563
0,0.611587
0,0.875657
0,1.016725
0,1.188312
0,1.117281
0,1.04196
0,1.114144
0,0.713929
0,0.596944
0,0.667111
0,0.795102
0,0.792519
0,1.031593
0,0.825423
0,1.070205
0,0.659196
0,0.683387
0,1.069707
0,1.077737
0,1.062248
0,0.713012
0,0.681431
0,0.605144
0,0.882321
0,0.886289
0,0.918493
0,0.702247
0,0.747105
0,0.982574
0,0.658545
0,1.179204
0,1.01995
0,0.580705
0,0.767902
0,0.58473
0,0.766812
0,1.050575
0,0.599449
0,0.64147
0,0.579701
0,1.270487
0,1.089265
0,0.58312
0,1.047011
0,0.798403
0,0.687758
0,1.08724
0,0.981981
0,0.860511
0,0.706115
0,0.794029
0,0.655523
0,0.599365
0,0.850847
0,0.695652
0,0.705318
0,1.043547
0,0.780945
0,0.646922
0,0.682128
0,0.808505
0,0.894095
0,1.059266
0,0.594106
0,0.994085
0,0.595982
0,0.774893
0,0.65445
0,1.100722
0,0.992324
0,0.677736
0,0.762718
0,0.759301
0,0.603483
0,0.791202
0,0.775795
0,0.79425
0,0.668226
0,0.773754
0,0.682221
0,0.830979
0,0.960108
0,1.112347
0,1.079057
0,0.810718
0,0.988377
0,0.705965
0,0.992226
0,0.609793
0,1.003794
0,0.603682
0,0.730087
0,0.791139
0,0.787216
0,0.798005
0,0.917852
0,0.806127
0,0.660462
0,1.121642
0,0.877655
0,1.043368
0,0.814664
0,1.048889
0,0.766401
0,0.815428
0,0.68306
0,0.782687
0,0.794597
0,0.846418
0,1.013988
0,0.861698
0,1.013294
0,0.768167
0,0.833333
0,0.838364
0,1.103936
0,0.608481
0,0.704722
0,0.835561
0,0.731261
0,0.673854
0,0.687547
0,0.932053
0,0.83455
0,0.806192
0,0.6832
0,0.932184
0,0.699937
0,1.06889
0,0.637644
0,0.92816
0,0.74638
0,0.951475
0,0.832293
0,1.063717
0,0.886918
0,1.098274
0,0.824402
0,0.655152
0,0.831601
0,0.919587
0,1.092998
0,1.104192
0,0.804149
0,1.042693
0,0.812876
0,0.648635
0,0.801957
0,0.784745
0,0.72648
0,0.918822
0,0.775494
0,0.854299
0,0.66313
0,1.097574
0,0.795672
0,0.558552
0,1.020486
0,0.776699
0,0.755744
0,1.107972
0,0.973179
0,0.945269
0,0.558193
0,1.1946
0,0.739919
0,1.022809
0,0.606281
0,0.858369
0,0.801732
0,0.71048
0,0.611247
0,0.828432
0,0.883275
0,0.782779
0,0.78373
0,0.762428
0,0.708968
0,0.808604
0,0.894534
0,0.675447
0,0.788457
0,0.752729
0,0.654664
0,0.793714
0,0.656061
0,0.829703
0,0.780336
0,0.861178
0,0.75358
0,0.662032
0,0.565225
0,0.83668
0,0.844987
0,1.100837
0,1.116071
0,0.651042
0,1.116009
0,0.927128
0,0.943396
0,0.864827
0,0.98417
0,0.870701
0,0.652955
0,0.677277
0,0.821659
0,0.766607
0,1.04145
0,0.855103
0,0.971157
0,0.688231
0,0.917095
0,0.800181
0,1.114684
0,0.773395
0,0.671096
0,0.754375
0,0.694734
0,0.576325
0,0.750638
0,1.074281
0,0.600108
0,0.563472
0,0.758984
0,0.984397
0,1.07594
0,0.664849
0,0.881018
0,0.72197
0,1.053519
0,0.756401
0,1.042123
0,1.144296
0,1.060783
0,1.101382
0,0.788084
0,0.671682
0,0.757576
0,0.601179
0,0.882613
0,1.090156
0,1.029628
0,0.584371
0,0.774533
0,0.692137
0,0.79526
0,0.655093
0,0.949271
0,1.104362
0,0.971487
0,0.845451
0,0.794029
0,0.658241
0,0.767165
0,0.917507
0,0.784991
0,0.667913
0,0.886918
0,0.920226
0,0.78703
0,1.029988
0,1.080964
0,0.866213
0,0.788644
0,1.044386
0,1.132708
0,0.928781
0,0.686106
0,0.56153
0,1.045774
0,0.874241
0,1.133189
0,0.681756
0,0.644941
0,1.145751
0,0.754148
0,0.59193
0,0.803052
0,1.084246
0,1.091703
0,1.028463
0,0.799808
0,1.073077
0,0.674946
0,0.604055
0,1.063994
0,0.670536
0,0.66379
0,0.837872
0,1.052261
0,1.119946
0,0.819192
0,1.030344
0,0.817695
0,0.858259
0,1.11415
0,1.090513
0,0.740741
0,0.563031
0,0.67659
0,0.83717
0,0.972488
0,1.027501
0,1.11397
0,0.858001
0,1.083119
0,0.773694
0,0.855688
0,0.777152
0,0.812513
0,0.635526
0,0.993789
0,0.877578
0,0.794218
0,0.66072
0,0.666223
0,0.684932
0,1.090162
0,1.033699
0,1.012299
0,0.778513
0,1.021398
0,0.930579
0,0.966506
0,0.714541
0,0.870928
0,1.007384
0,0.756201
0,0.712606
0,1.002461
0,1.026589
0,0.685225
0,0.748783
0,1.097201
0,0.667045
0,0.667423
0,0.592228
0,1.054841
0,1.129178
0,0.784529
0,0.80331
0,0.667468
0,1.049533
0,0.574128
0,0.641766
0,1.040274
0,1.04785
0,0.782473
0,1.085364
0,1.279345
0,0.87146
0,1.112966
0,1.046419
0,0.573782
0,0.690894
0,0.675219
0,0.708717
0,0.683527
0,0.777001
0,0.674764
0,0.705405
0,0.77912
0,0.686719
0,1.138848
0,1.078423
0,0.660349
0,0.810143
0,1.120448
0,0.697691
0,0.79968
0,0.760167
0,1.09553
0,0.774533
0,0.968664
0,0.825764
0,0.793399
0,1.072271
0,0.825423
0,0.684463
0,0.770297
0,0.660066
0,0.811886
0,0.829669
0,0.757978
0,0.782748
0,0.990688
0,1.037022
0,0.716589
0,1.019482
0,1.006847
0,1.080964
0,1.222793
0,0.758956
0,0.852079
0,1.08537
0,1.012105
0,0.948317
0,0.705716
0,1.131196
0,0.832709
0,0.601245
0,0.861809
0,0.689655
0,0.778119
0,0.951475
0,0.793651
0,0.669478
0,0.815561
0,0.84969
0,0.840124
0,1.139556
0,1.001151
0,0.964227
0,0.768521
0,0.907329
0,0.864383
0,0.604047
0,1.061571
0,0.733084
0,1.024018
0,0.980056
0,0.702247
0,0.75188
0,0.774443
0,0.676911
0,1.04455
0,1.082134
0,1.037027
0,1.146526
0,0.931446
0,1.074737
0,0.659631
0,0.764789
0,0.714286
0,0.670017
0,0.771605
0,1.084363
0,0.984426
0,0.686342
0,0.870095
0,0.790764
0,0.685565
0,0.935979
0,1.092848
0,1.019747
0,0.577502
0,0.854336
0,1.301999
0,0.923421
0,0.583207
0,0.722804
0,1.074587
0,0.780214
0,0.796242
0,0.767725
0,0.970874
0,0.942507
0,0.782564
0,0.831255
0,1.328021
0,0.65716
0,0.996115
0,0.906084
0,1.070939
0,0.862069
0,0.72998
0,0.804473
0,0.998642
0,1.006421
0,0.826788
0,1.076206
0,1.00394
0,0.728916
0,1.008593
0,1.054519
0,0.677277
0,0.684463
0,0.749569
0,0.682594
0,1.00045
0,0.983623
0,0.968335
0,0.604681
0,0.836645
0,0.659631
0,0.759474
0,0.701508
0,0.562129
0,0.867002
0,1.103521
0,0.648043
0,0.674536
0,0.671592
0,1.023908
