dataset,block,values,nonzero_symbols,zero_rate,distinct_keys,top8_coverage,top16_coverage,top32_coverage,previous_top16_hit_rate,top16_jaccard,previous_top16_net_savings_bits_per_symbol,previous_top32_hit_rate,previous_top32_net_savings_bits_per_symbol,adaptive_code_bits,adaptive_codebook_size,adaptive_previous_block_hit_rate,adaptive_previous_block_net_savings_bits_per_symbol
Air-pressure,0,30000,27746,0.075133333333,99,0.268687378361,0.463310026671,0.747639299358,,,,,,,,,
Air-pressure,1,30000,27720,0.076000000000,87,0.271248196248,0.469372294372,0.753102453102,0.469227994228,0.882352941176,-1.725974025974,0.752741702742,-0.751190476190,6,62,0.990295815296,0.893290043290
Air-pressure,2,30000,27728,0.075733333333,92,0.273297749567,0.468263127525,0.754219561454,0.466243508367,0.882352941176,-1.746862377380,0.751622908252,-0.759016156953,6,62,0.990118291979,0.892058568956
Air-pressure,3,5928,5444,0.081646423752,73,0.289860396767,0.490080822924,0.768368846436,0.483835415136,0.777777777778,-1.666972814107,0.764327700220,-0.753490080823,6,62,0.993203526819,0.754959588538
Basel-temp,0,30000,29665,0.011166666667,307,0.424641833811,0.571548963425,0.712792853531,,,,,,,,,
Basel-temp,1,30000,29735,0.008833333333,284,0.430973600135,0.575718849840,0.709063393308,0.575079872204,0.882352941176,-0.984294602320,0.704893223474,-0.912829998318,7,126,0.961089625021,0.594720026904
Basel-temp,2,30000,29668,0.011066666667,287,0.431137926385,0.575872994472,0.714911689362,0.575872994472,1.000000000000,-0.978764999326,0.708810839962,-0.857961439935,7,126,0.959249022516,0.570918160982
Basel-temp,3,10001,9915,0.008599140086,240,0.422491174987,0.573978819970,0.715885022693,0.571154815935,0.882352941176,-1.031467473525,0.709228441755,-0.956026222895,7,126,0.963287947554,0.462531517902
Basel-wind,0,30000,28987,0.033766666667,229,0.394866664367,0.591610032083,0.839790250802,,,,,,,,,
Basel-wind,1,30000,29093,0.030233333333,213,0.392568659128,0.590313821194,0.843261265597,0.588629567250,0.882352941176,-0.889664180387,0.841336403946,-0.130065651531,6,62,0.968995978414,0.746021379713
Basel-wind,2,30000,29269,0.024366666667,218,0.394342136732,0.596877242133,0.846219549694,0.595032286720,0.882352941176,-0.844784584373,0.844716252691,-0.106289931327,6,62,0.970309884178,0.755440910178
Basel-wind,3,10000,9741,0.025900000000,157,0.392670157068,0.588029976388,0.840365465558,0.586079457961,0.882352941176,-0.927522841597,0.838722923724,-0.186941792424,6,62,0.969715634945,0.677651165178
Bird-migration,0,30000,24533,0.182233333333,296,0.234296661639,0.381934537154,0.623731300697,,,,,,,,,
Bird-migration,1,30000,26180,0.127333333333,301,0.220932009167,0.369251336898,0.609358288770,0.367417876241,0.777777777778,-2.439266615737,0.608479755539,-1.762223071047,6,62,0.906187929717,0.302253628724
Bird-migration,2,29867,25682,0.140121204004,303,0.226578926875,0.376138929990,0.616112452301,0.375360174441,0.882352941176,-2.383887547699,0.615723074527,-1.711938322561,6,62,0.906082080835,0.300716455105
Bitcoin-price,0,7116,7116,0.000000000000,123,0.411607644744,0.613827993255,0.882799325464,,,,,,,,,
Blockchain-tr,0,30000,19870,0.337666666667,205,0.414645193759,0.629743331656,0.862204328133,,,,,,,,,
Blockchain-tr,1,30000,20179,0.327366666667,203,0.419049506913,0.632191882650,0.870013380247,0.631597205015,0.882352941176,-0.593339610486,0.870013380247,0.062094256405,5,30,0.845334258387,0.891025323356
Blockchain-tr,2,30000,19815,0.339500000000,197,0.423769871310,0.638203381277,0.860105980318,0.638203381277,1.000000000000,-0.547363108756,0.859046177139,-0.015190512238,5,30,0.836739843553,0.830381024476
Blockchain-tr,3,9999,6830,0.316931693169,147,0.417862371889,0.637481698389,0.873938506589,0.633967789165,0.882352941176,-0.605124450952,0.873938506589,0.034846266471,5,30,0.851244509517,0.880966325037
California,0,30000,30000,0.000000000000,83,0.471133333333,0.670666666667,0.920400000000,,,,,,,,,
California,1,13824,13824,0.000000000000,79,0.470124421296,0.669632523148,0.918981481481,0.666594328704,0.882352941176,-0.355034722222,0.918981481481,0.391999421296,5,30,0.895471643519,1.229890046296
City-lat,0,30000,29992,0.000266666667,213,0.367397972793,0.563883702321,0.779807948786,,,,,,,,,
City-lat,1,11001,11000,0.000090900827,169,0.367818181818,0.564636363636,0.785090909091,0.564636363636,1.000000000000,-1.074181818182,0.784727272727,-0.558272727273,6,62,0.932363636364,0.428818181818
City-lon,0,30000,29991,0.000300000000,253,0.358340835584,0.553599413157,0.764762762162,,,,,,,,,
City-lon,1,11001,11001,0.000000000000,194,0.370329970003,0.584946823016,0.793200618126,0.580219980002,0.777777777778,-0.965094082356,0.792746113990,-0.502136169439,6,62,0.936733024271,0.459412780656
City-temp,0,30000,24034,0.198866666667,71,0.472164433719,0.694516102189,0.964425397354,,,,,,,,,
City-temp,1,30000,26229,0.125700000000,70,0.458652636395,0.685882038965,0.965839338137,0.684738266804,0.882352941176,-0.218002973808,0.965839338137,0.739334324603,5,30,0.952495329597,1.647222539937
City-temp,2,30000,23201,0.226633333333,66,0.492478772467,0.714322658506,0.966337657860,0.713202017154,0.882352941176,-0.020214645920,0.966165251498,0.738804361881,5,30,0.957070815913,1.676608766863
City-temp,3,10001,7542,0.245875412459,57,0.465526385574,0.698223282949,0.967780429594,0.697295147176,0.882352941176,-0.157783081411,0.965924158048,0.686555290374,5,30,0.956642800318,1.626093874304
Dew-point-temp,0,30000,29412,0.019600000000,109,0.443390452876,0.652896776826,0.918298653611,,,,,,,,,
Dew-point-temp,1,30000,29266,0.024466666667,109,0.443654752956,0.652292762933,0.922264744072,0.651267682635,0.882352941176,-0.451137839131,0.922264744072,0.436547529556,5,30,0.898243695756,1.269561949019
Dew-point-temp,2,30000,27985,0.067166666667,82,0.478470609255,0.683509022691,0.944255851349,0.679113810970,0.882352941176,-0.256673217795,0.943362515633,0.583348222262,5,30,0.923280328748,1.443987850634
Dew-point-temp,3,10001,9356,0.064493550645,72,0.473172295853,0.683091064558,0.949657973493,0.681060282172,0.882352941176,-0.263894826849,0.949230440359,0.584224027362,5,30,0.932342881573,1.469645147499
Food-price,0,30000,18883,0.370566666667,286,0.409151088280,0.591643277022,0.807763596886,,,,,,,,,
Food-price,1,30000,20650,0.311666666667,280,0.411476997579,0.584648910412,0.792445520581,0.584648910412,1.000000000000,-0.921646489104,0.792445520581,-0.480242130751,5,30,0.771525423729,0.374963680387
Food-price,2,30000,17885,0.403833333333,201,0.401901034386,0.574727425217,0.789152921443,0.573217780263,0.882352941176,-1.003857981549,0.772938216382,-0.621023203802,6,62,0.963936259435,0.687447581772
Food-price,3,10001,6010,0.399060093991,147,0.399001663894,0.576539101498,0.780698835275,0.570881863561,0.777777777778,-1.052579034942,0.774043261231,-0.675707154742,6,62,0.957071547421,0.520632279534
IR-bio-temp,0,30000,16294,0.456866666667,43,0.803301828894,0.942678286486,0.998711182030,,,,,,,,,
IR-bio-temp,1,30000,16922,0.435933333333,41,0.788677461293,0.936650514124,0.998699917267,0.936650514124,1.000000000000,1.539238860655,0.998404443919,0.955442619076,4,14,0.904030256471,2.312906275854
IR-bio-temp,2,30000,18910,0.369666666667,43,0.703754627181,0.890428344791,0.997303014278,0.890428344791,1.000000000000,1.217503966155,0.997303014278,0.951242728715,4,14,0.848228450555,1.923902696986
IR-bio-temp,3,9602,6953,0.275880024995,40,0.657701711491,0.856896303754,0.995253847260,0.856896303754,1.000000000000,0.956134042859,0.994822378829,0.882496763987,4,14,0.807565079822,1.615705450885
KPI_18fb,0,30000,27216,0.092800000000,79,0.452638154027,0.679122574956,0.941725455614,,,,,,,,,
KPI_18fb,1,30000,27176,0.094133333333,91,0.452568442744,0.674565793347,0.936046511628,0.674161024433,0.882352941176,-0.291654400942,0.935788931410,0.529732116573,5,30,0.920481307036,1.423829849868
KPI_18fb,2,30000,25935,0.135500000000,76,0.492384808174,0.717717370349,0.950800077116,0.715056872952,0.777777777778,-0.005899363794,0.950028918450,0.628417196838,5,30,0.935878156931,1.530672835936
KPI_18fb,3,30000,26658,0.111400000000,73,0.478843124015,0.705379248256,0.947482931953,0.703166028959,0.777777777778,-0.088828869383,0.947182834421,0.609085452772,5,30,0.933040738240,1.511366194013
KPI_18fb,4,9128,8204,0.101226993865,63,0.456850316919,0.685763042418,0.941857630424,0.675402242808,0.684210526316,-0.307898586056,0.941857630424,0.524134568503,5,30,0.924427108727,1.406265236470
PM10-dust,0,30000,9301,0.689966666667,82,0.773250188152,0.905063971616,0.983765186539,,,,,,,,,
PM10-dust,1,30000,13678,0.544066666667,129,0.617707267144,0.785933616026,0.954306185115,0.766924989033,0.684210526316,0.347053662816,0.951381780962,0.618365258079,4,14,0.727737973388,1.075230296827
PM10-dust,2,30000,6214,0.792866666667,59,0.735757965883,0.878178307049,0.987447698745,0.864016736402,0.600000000000,1.000965561635,0.985355648536,0.806565819118,5,30,0.981815255874,1.787254586418
PM10-dust,3,3662,1506,0.588749317313,50,0.739043824701,0.887782204515,0.984063745020,0.887782204515,1.000000000000,1.019920318725,0.983399734396,0.508632138114,4,14,0.861221779548,1.856573705179
SSD-bench,0,8927,3712,0.584182816176,76,0.551724137931,0.759698275862,0.945851293103,,,,,,,,,
Stocks-DE,0,30000,22106,0.263133333333,83,0.635347869357,0.804804125577,0.974305618384,,,,,,,,,
Stocks-DE,1,30000,22495,0.250166666667,87,0.641031340298,0.819959991109,0.982929539898,0.817781729273,0.777777777778,0.711446988220,0.982929539898,0.855390086686,5,30,0.976261391420,1.810224494332
Stocks-DE,2,30000,22115,0.262833333333,91,0.511598462582,0.734750169568,0.933710151481,0.670856884468,0.523809523810,-0.317250734795,0.932670133394,0.503142663351,5,30,0.913542844223,1.370789057201
Stocks-DE,3,10002,7163,0.283843231354,64,0.538461538462,0.784447857043,0.976406533575,0.784447857043,1.000000000000,0.450230350412,0.974731257853,0.744241239704,5,30,0.960351807902,1.648331704593
Stocks-UK,0,30000,23197,0.226766666667,95,0.544811829116,0.742035608053,0.955123507350,,,,,,,,,
Stocks-UK,1,30000,21152,0.294933333333,74,0.736431543116,0.885353630862,0.984776853253,0.880720499244,0.777777777778,1.151191376702,0.984776853253,0.866726550681,5,30,0.979150907716,1.828952344932
Stocks-UK,2,30000,21988,0.267066666667,91,0.664180462070,0.838548299072,0.980580316536,0.837775150082,0.882352941176,0.851100600327,0.980580316536,0.838366381663,4,14,0.808986720029,1.651127887939
Stocks-UK,3,10002,8538,0.146370725855,57,0.523541813071,0.736706488639,0.980089013821,0.690442726634,0.454545454545,-0.201218083860,0.979620520028,0.791168892012,5,30,0.960412274537,1.660693370813
Stocks-USA,0,30000,21875,0.270833333333,88,0.566857142857,0.765942857143,0.975360000000,,,,,,,,,
Stocks-USA,1,30000,18179,0.394033333333,70,0.659827273227,0.843665768194,0.987843115683,0.843665768194,1.000000000000,0.889542879146,0.987348038946,0.880356455251,5,30,0.980857032840,1.836789702404
Stocks-USA,2,30000,19824,0.339200000000,71,0.634685230024,0.862035916061,0.991676755448,0.862035916061,1.000000000000,1.019471347861,0.991474979822,0.911824051655,5,30,0.987691686844,1.887056093624
Stocks-USA,3,10002,6002,0.399920015997,53,0.710929690103,0.902532489170,0.994001999334,0.902032655781,0.882352941176,1.265411529490,0.993335554815,0.859213595468,5,30,0.992002665778,1.855548150616
Wind-Speed,0,30000,21455,0.284833333333,42,0.710929853181,0.879375436961,0.995572127709,,,,,,,,,
Wind-Speed,1,30000,23537,0.215433333333,46,0.626545439096,0.832179122233,0.994476781238,0.832179122233,1.000000000000,0.812805370268,0.994476781238,0.937332710201,5,30,0.988018863916,1.893571823087
Wind-Speed,2,30000,22944,0.235200000000,47,0.634850069735,0.836122733612,0.992982914923,0.836122733612,1.000000000000,0.840088912134,0.992982914923,0.926255230126,5,30,0.986401673640,1.881668410042
Wind-Speed,3,9132,7129,0.219338589575,42,0.614812736709,0.824800112218,0.992705849348,0.824800112218,1.000000000000,0.732501052041,0.992705849348,0.869687193155,5,30,0.984710338056,1.818487866461
electric_vehicle_charging,0,3395,3245,0.044182621502,93,0.440677966102,0.662865947612,0.895223420647,,,,,,,,,
exchange,0,7588,7177,0.054164470216,104,0.421903302215,0.630068273652,0.893827504528,,,,,,,,,
hrl_load_metered,0,30000,30000,0.000000000000,113,0.469700000000,0.658933333333,0.910533333333,,,,,,,,,
hrl_load_metered,1,13896,13896,0.000000000000,95,0.472222222222,0.662204951065,0.916450777202,0.660261945884,0.882352941176,-0.399251583189,0.916450777202,0.374496257916,5,30,0.895869314911,1.232872769142
waveform_float,0,30000,30000,0.000000000000,129,0.516700000000,0.690766666667,0.913900000000,,,,,,,,,
waveform_float,1,30000,27869,0.071033333333,124,0.578707524490,0.748645448348,0.946463812839,0.741038429797,0.684210526316,0.176755534824,0.945710287416,0.599698589831,5,30,0.934479170404,1.522300764290
waveform_float,2,30000,13830,0.539000000000,32,0.942877801880,0.986117136659,1.000000000000,0.943311641359,0.391304347826,1.581995661605,0.999855386840,0.958134490239,5,30,0.998770788142,1.953000723066
waveform_float,3,6000,2112,0.648000000000,25,0.969696969697,0.995265151515,1.000000000000,0.994791666667,0.882352941176,1.824810606061,1.000000000000,0.742897727273,3,6,0.946969696970,3.570549242424
