scope,dataset,target_coverage,ulp_radius,exponent_radius,cells,covered,total,actual_coverage
global,ALL,0.90,1,3,42,1299000,1427684,0.909865208267
global,ALL,0.95,2,3,70,1381926,1427684,0.967949490223
global,ALL,0.99,5,4,198,1414193,1427684,0.990550429927
dataset,Air-pressure,0.90,2,3,70,88195,88638,0.995002143550
dataset,Air-pressure,0.95,2,3,70,88195,88638,0.995002143550
dataset,Air-pressure,0.99,2,3,70,88195,88638,0.995002143550
dataset,Basel-temp,0.90,5,3,154,93062,98983,0.940181647354
dataset,Basel-temp,0.95,6,3,182,95625,98983,0.966074982573
dataset,Basel-temp,0.99,7,5,330,98324,98983,0.993342291100
dataset,Basel-wind,0.90,1,3,42,88524,97090,0.911772582140
dataset,Basel-wind,0.95,2,3,70,94665,97090,0.975023174374
dataset,Basel-wind,0.99,4,3,126,96389,97090,0.992779894943
dataset,Bird-migration,0.90,2,3,70,71884,76395,0.940951632960
dataset,Bird-migration,0.95,3,3,98,73830,76395,0.966424504221
dataset,Bird-migration,0.99,3,8,238,75776,76395,0.991897375483
dataset,Bitcoin-price,0.90,1,3,42,6751,7116,0.948707138842
dataset,Bitcoin-price,0.95,1,5,66,6765,7116,0.950674536256
dataset,Bitcoin-price,0.99,2,4,90,7049,7116,0.990584598089
dataset,Blockchain-tr,0.90,1,3,42,61795,66694,0.926545116502
dataset,Blockchain-tr,0.95,2,3,70,64285,66694,0.963879809278
dataset,Blockchain-tr,0.99,2,9,190,66097,66694,0.991048670045
dataset,California,0.90,1,3,42,41855,43824,0.955070281124
dataset,California,0.95,1,3,42,41855,43824,0.955070281124
dataset,California,0.99,2,3,70,43796,43824,0.999361080686
dataset,City-lat,0.90,2,3,70,38818,40992,0.946965261514
dataset,City-lat,0.95,2,4,90,38956,40992,0.950331772053
dataset,City-lat,0.99,3,5,154,40700,40992,0.992876658860
dataset,City-lon,0.90,2,3,70,38642,40992,0.942671740827
dataset,City-lon,0.95,3,3,98,40288,40992,0.982825917252
dataset,City-lon,0.99,3,5,154,40607,40992,0.990607923497
dataset,City-temp,0.90,1,3,42,79446,81006,0.980742167247
dataset,City-temp,0.95,1,3,42,79446,81006,0.980742167247
dataset,City-temp,0.99,1,7,90,80358,81006,0.992000592549
dataset,Dew-point-temp,0.90,1,3,42,93985,96019,0.978816692530
dataset,Dew-point-temp,0.95,1,3,42,93985,96019,0.978816692530
dataset,Dew-point-temp,0.99,2,3,70,95750,96019,0.997198471136
dataset,Food-price,0.90,2,3,70,60301,63428,0.950700006306
dataset,Food-price,0.95,2,3,70,60301,63428,0.950700006306
dataset,Food-price,0.99,3,8,238,62817,63428,0.990367030334
dataset,IR-bio-temp,0.90,1,3,42,59054,59079,0.999576837793
dataset,IR-bio-temp,0.95,1,3,42,59054,59079,0.999576837793
dataset,IR-bio-temp,0.99,1,3,42,59054,59079,0.999576837793
dataset,KPI_18fb,0.90,1,3,42,113151,115189,0.982307338374
dataset,KPI_18fb,0.95,1,3,42,113151,115189,0.982307338374
dataset,KPI_18fb,0.99,2,3,70,115063,115189,0.998906145552
dataset,PM10-dust,0.90,1,3,42,30276,30699,0.986221049546
dataset,PM10-dust,0.95,1,3,42,30276,30699,0.986221049546
dataset,PM10-dust,0.99,1,5,66,30415,30699,0.990748884328
dataset,SSD-bench,0.90,1,3,42,3637,3712,0.979795258621
dataset,SSD-bench,0.95,1,3,42,3637,3712,0.979795258621
dataset,SSD-bench,0.99,1,5,66,3679,3712,0.991109913793
dataset,Stocks-DE,0.90,1,3,42,72697,73879,0.984000866281
dataset,Stocks-DE,0.95,1,3,42,72697,73879,0.984000866281
dataset,Stocks-DE,0.99,2,3,70,73756,73879,0.998335115527
dataset,Stocks-UK,0.90,1,3,42,73917,74875,0.987205342237
dataset,Stocks-UK,0.95,1,3,42,73917,74875,0.987205342237
dataset,Stocks-UK,0.99,2,3,70,74690,74875,0.997529215359
dataset,Stocks-USA,0.90,1,3,42,65698,65880,0.997237401336
dataset,Stocks-USA,0.95,1,3,42,65698,65880,0.997237401336
dataset,Stocks-USA,0.99,1,3,42,65698,65880,0.997237401336
dataset,Wind-Speed,0.90,1,3,42,75004,75065,0.999187370945
dataset,Wind-Speed,0.95,1,3,42,75004,75065,0.999187370945
dataset,Wind-Speed,0.99,1,3,42,75004,75065,0.999187370945
dataset,electric_vehicle_charging,0.90,1,3,42,3078,3245,0.948536209553
dataset,electric_vehicle_charging,0.95,1,4,54,3100,3245,0.955315870570
dataset,electric_vehicle_charging,0.99,2,6,130,3222,3245,0.992912172573
dataset,exchange,0.90,1,3,42,6871,7177,0.957363801031
dataset,exchange,0.95,1,3,42,6871,7177,0.957363801031
dataset,exchange,0.99,2,3,70,7116,7177,0.991500627003
dataset,hrl_load_metered,0.90,1,3,42,41717,43896,0.950359941680
dataset,hrl_load_metered,0.95,1,3,42,41717,43896,0.950359941680
dataset,hrl_load_metered,0.99,2,3,70,43678,43896,0.995033716056
dataset,waveform_float,0.90,1,3,42,71470,73811,0.968283860129
dataset,waveform_float,0.95,1,3,42,71470,73811,0.968283860129
dataset,waveform_float,0.99,2,3,70,73505,73811,0.995854276463
