dataset,values,nonzero_symbols,zero_deltas,zero_rate,invalid_rows,distinct_keys,entropy_bits,effective_keys,normalized_entropy,top1_coverage,top4_coverage,top8_coverage,top16_coverage,top32_coverage,top64_coverage
Air-pressure,95928,88638,7290,0.075994495872,0,107,5.73541171,53.27592035,0.85076612,0.045826846274,0.155215596020,0.272129335048,0.467316500824,0.752047654505,0.992610392834
Basel-temp,100001,98983,1018,0.010179898201,0,342,6.07817354,67.56356479,0.72205750,0.088106038411,0.267985411636,0.428275562470,0.573886424942,0.710627077377,0.859107119404
Basel-wind,100000,97090,2910,0.029100000000,0,289,5.58353851,47.95264567,0.68300786,0.065907920486,0.226233391698,0.393799567412,0.591749922752,0.841981666495,0.970542795345
Bird-migration,89867,76395,13472,0.149910423181,0,367,6.32251139,80.03235116,0.74211048,0.046442830028,0.140781464756,0.226323712285,0.375391059624,0.615786373454,0.917546959880
Bitcoin-price,7116,7116,0,0.000000000000,0,123,5.37754141,41.57203340,0.77458123,0.066891512085,0.229763912310,0.411607644744,0.613827993255,0.882799325464,0.986790331647
Blockchain-tr,99999,66694,33305,0.333053330533,0,260,5.46709108,44.23422320,0.68148098,0.083395807719,0.258823882208,0.418553393109,0.632965484151,0.864665487150,0.967793204786
California,43824,43824,0,0.000000000000,0,89,5.10711010,34.46619420,0.78865354,0.093761409273,0.315717415115,0.470815078496,0.669382073750,0.919952537422,0.997855056590
City-lat,41001,40992,9,0.000219506841,0,226,5.81919923,56.46164379,0.74412609,0.055669398907,0.204576502732,0.367510733802,0.564085675254,0.781128024980,0.940281030445
City-lon,41001,40992,9,0.000219506841,0,270,5.87693934,58.76720341,0.72763074,0.061280249805,0.206479313037,0.361558352849,0.560743559719,0.772272638564,0.932620999219
City-temp,100001,81006,18995,0.189948100519,0,77,4.95527283,31.02314033,0.79071990,0.075266029677,0.268128286794,0.472989655087,0.697281682838,0.965693899217,0.999703725650
Dew-point-temp,100001,96019,3982,0.039819601804,0,130,5.11975458,34.76960042,0.72906386,0.068736395922,0.255855611910,0.456597131818,0.662795904977,0.929805559316,0.997729616013
Food-price,100001,63428,36573,0.365726342737,0,342,5.78429665,55.11207910,0.68714635,0.076827268714,0.242479661979,0.406508166740,0.582644888693,0.789335939963,0.943952197768
IR-bio-temp,99602,59079,40523,0.406849260055,0,53,3.87845803,14.70727474,0.67711451,0.196008734068,0.574552717548,0.746644323702,0.914131925050,0.997782630038,1.000000000000
KPI_18fb,129128,115189,13939,0.107947153212,0,109,5.01516254,32.33808943,0.74099083,0.080945229145,0.272508659681,0.467935306323,0.691888982455,0.943492868243,0.999270763701
PM10-dust,93662,30699,62963,0.672236339177,0,141,4.28889902,19.54732133,0.60072388,0.184663995570,0.516531483110,0.692791296133,0.840906869931,0.970780807192,0.994853252549
SSD-bench,8927,3712,5215,0.584182816176,0,76,4.74397535,26.79654979,0.75928783,0.148976293103,0.411637931034,0.551724137931,0.759698275862,0.945851293103,0.996767241379
Stocks-DE,100002,73879,26123,0.261224775504,0,118,4.67586461,25.56086239,0.67937049,0.120913926826,0.394049729964,0.588218573614,0.772032647978,0.964496000217,0.998335115527
Stocks-UK,100002,74875,25127,0.251264974701,0,124,4.57856132,23.89374884,0.65838828,0.121068447412,0.393215358932,0.631572621035,0.804621035058,0.973769616027,0.998290484140
Stocks-USA,100002,65880,34122,0.341213175736,0,115,4.44166145,21.73068051,0.64884492,0.140452337583,0.437052216151,0.625986642380,0.828703703704,0.985124468731,0.999043715847
Wind-Speed,99132,75065,24067,0.242777307025,0,49,4.30281214,19.73674455,0.76634630,0.146473056684,0.446919336575,0.651275561180,0.846173316459,0.994165056951,1.000000000000
electric_vehicle_charging,3395,3245,150,0.044182621502,0,93,5.27237903,38.64953167,0.80627787,0.067488443760,0.244992295840,0.440677966102,0.662865947612,0.895223420647,0.987365177196
exchange,7588,7177,411,0.054164470216,0,104,5.31352683,39.76774437,0.79301166,0.063118294552,0.237007106033,0.421903302215,0.630068273652,0.893827504528,0.989967953184
hrl_load_metered,43896,43896,0,0.000000000000,0,119,5.14780989,35.45236308,0.74662015,0.093767085839,0.318616730454,0.470498450884,0.659900674321,0.912406597412,0.993689630035
waveform_float,96000,73811,22189,0.231135416667,0,154,4.57203641,23.78592802,0.62916894,0.173334597824,0.469618349568,0.629851919091,0.765536302177,0.944371435152,0.995109130075
