rank,sign,delta_u,delta_e,count,probability,cumulative_coverage
1,1,0,0,135398,0.094837513063,0.094837513063
2,0,0,0,132855,0.093056306578,0.187893819641
3,1,0,-1,85403,0.059819259724,0.247713079365
4,0,0,-1,82258,0.057616391302,0.305329470667
5,0,0,1,70791,0.049584501893,0.354913972560
6,1,0,1,67835,0.047514015707,0.402427988266
7,1,0,-2,53455,0.037441758821,0.439869747087
8,0,0,-2,52601,0.036843587236,0.476713334323
9,0,0,2,35055,0.024553752791,0.501267087115
10,1,0,2,32819,0.022987579885,0.524254666999
11,1,-1,1,28144,0.019713045744,0.543967712743
12,1,1,-2,27971,0.019591870470,0.563559583213
13,1,0,-3,27838,0.019498712600,0.583058295813
14,0,0,-3,27697,0.019399951250,0.602458247063
15,0,-1,1,27571,0.019311696426,0.621769943489
16,0,1,-2,26840,0.018799678360,0.640569621849
17,0,-1,2,26476,0.018544719980,0.659114341829
18,1,-1,2,25814,0.018081031937,0.677195373766
19,1,1,-1,25037,0.017536793856,0.694732167623
20,0,1,-1,24167,0.016927415310,0.711659582933
21,1,1,-3,21756,0.015238666259,0.726898249192
22,0,-1,3,21337,0.014945183948,0.741843433141
23,0,1,-3,21183,0.014837316941,0.756680750082
24,1,-1,0,21132,0.014801594751,0.771482344833
25,1,1,0,20262,0.014192216205,0.785674561037
26,1,-1,3,19966,0.013984887412,0.799659448449
27,0,-1,0,19891,0.013932354779,0.813591803228
28,0,1,0,19442,0.013617859414,0.827209662642
29,0,0,3,19318,0.013531005461,0.840740668103
30,1,0,3,17430,0.012208583972,0.852949252075
31,1,-1,-1,12600,0.008825482390,0.861774734465
32,0,-1,-1,12006,0.008409423934,0.870184158399
33,1,1,1,10586,0.007414806078,0.877598964477
34,0,1,1,10543,0.007384687368,0.884983651845
35,1,-1,-2,6291,0.004406437279,0.889390089123
36,0,-1,-2,6199,0.004341997249,0.893732086372
37,0,1,2,5681,0.003979171862,0.897711258234
38,1,1,2,5450,0.003817371351,0.901528629585
39,1,2,-2,5176,0.003625452131,0.905154081716
40,0,2,-2,5065,0.003547703834,0.908701785549
41,1,2,-1,4883,0.003420224644,0.912122010193
42,0,2,-1,4778,0.003346678957,0.915468689150
43,0,-2,1,4586,0.003212195416,0.918680884565
44,1,-2,1,4449,0.003116235806,0.921797120371
45,1,2,-3,4399,0.003081214050,0.924878334421
46,1,2,0,4385,0.003071407959,0.927949742380
47,0,2,-3,4346,0.003044090989,0.930993833369
48,0,2,0,4218,0.002954435295,0.933948268664
49,0,-2,0,4204,0.002944629204,0.936892897868
50,1,-2,0,4066,0.002847969158,0.939740867027
51,1,-2,2,3971,0.002781427823,0.942522294850
52,0,-2,2,3948,0.002765317815,0.945287612665
53,0,-2,3,3116,0.002182555804,0.947470168469
54,1,-2,3,3102,0.002172749712,0.949642918181
55,0,1,3,3019,0.002114613598,0.951757531779
56,1,-1,-3,3000,0.002101305331,0.953858837110
57,0,-1,-3,2983,0.002089397934,0.955948235044
58,1,1,3,2900,0.002031261820,0.957979496863
59,1,2,1,2135,0.001495428960,0.959474925824
60,0,-2,-1,1955,0.001369350641,0.960844276465
61,1,-2,-1,1918,0.001343434542,0.962187711006
62,0,2,1,1857,0.001300708000,0.963488419006
63,1,2,2,1127,0.000789390369,0.964277809375
64,0,2,2,1007,0.000705338156,0.964983147531
65,0,-2,-2,944,0.000661210744,0.965644358275
66,1,-5,0,941,0.000659109439,0.966303467714
67,1,-2,-2,874,0.000612180286,0.966915648001
68,1,-5,1,824,0.000577158531,0.967492806531
69,0,-5,0,788,0.000551942867,0.968044749398
70,1,2,3,783,0.000548440691,0.968593190090
71,1,-5,-1,761,0.000533031119,0.969126221209
72,0,-4,0,740,0.000518321982,0.969644543190
73,1,-4,0,736,0.000515520241,0.970160063431
74,0,-5,-1,699,0.000489604142,0.970649667573
75,1,5,0,692,0.000484701096,0.971134368670
76,0,4,0,691,0.000484000661,0.971618369331
77,1,-4,1,612,0.000428666287,0.972047035619
78,0,0,4,607,0.000425164112,0.972472199730
79,0,2,3,603,0.000422362372,0.972894562102
80,1,-4,-1,549,0.000384538876,0.973279100978
81,0,-4,1,542,0.000379635830,0.973658736807
82,0,-5,1,540,0.000378234960,0.974036971767
83,0,-4,-1,533,0.000373331914,0.974410303681
84,1,-2,-3,522,0.000365627128,0.974775930808
85,0,-2,-3,509,0.000356521471,0.975132452279
86,1,4,0,508,0.000355821036,0.975488273315
87,1,3,-2,491,0.000343913639,0.975832186955
88,1,-5,2,484,0.000339010593,0.976171197548
89,0,3,0,478,0.000334807983,0.976506005531
90,0,3,-2,472,0.000330605372,0.976836610903
91,1,3,-1,461,0.000322900586,0.977159511489
92,0,4,-1,449,0.000314495365,0.977474006853
93,1,-5,-2,445,0.000311693624,0.977785700477
94,1,5,-1,445,0.000311693624,0.978097394101
95,1,0,4,434,0.000303988838,0.978401382939
96,1,3,0,432,0.000302587968,0.978703970907
97,0,3,-3,424,0.000296984487,0.979000955393
98,0,0,5,419,0.000293482311,0.979294437705
99,0,-5,-2,416,0.000291381006,0.979585818711
100,0,-3,0,410,0.000287178395,0.979872997106
101,0,-3,1,405,0.000283676220,0.980156673325
102,1,3,-3,405,0.000283676220,0.980440349545
103,0,3,-1,398,0.000278773174,0.980719122719
104,1,-3,0,396,0.000277372304,0.980996495023
105,1,-4,2,393,0.000275270998,0.981271766021
106,1,4,-1,388,0.000271768823,0.981543534844
107,0,5,0,387,0.000271068388,0.981814603232
108,1,0,5,381,0.000266865777,0.982081469009
109,1,-3,1,377,0.000264064037,0.982345533045
110,0,0,-4,373,0.000261262296,0.982606795341
111,1,0,-4,371,0.000259861426,0.982866656767
112,1,-4,-2,361,0.000252857075,0.983119513842
113,1,-3,2,345,0.000241650113,0.983361163955
114,0,-3,2,340,0.000238147937,0.983599311893
115,0,5,-1,340,0.000238147937,0.983837459830
116,1,5,1,336,0.000235346197,0.984072806027
117,0,-5,2,317,0.000222037930,0.984294843957
118,0,0,6,311,0.000217835319,0.984512679276
119,0,-4,-2,309,0.000216434449,0.984729113725
120,0,-4,2,299,0.000209430098,0.984938543823
121,1,3,1,291,0.000203826617,0.985142370441
122,1,0,6,281,0.000196822266,0.985339192707
123,1,5,-2,275,0.000192619655,0.985531812362
124,1,0,7,273,0.000191218785,0.985723031147
125,1,4,-2,271,0.000189817915,0.985912849062
126,0,-3,3,265,0.000185615304,0.986098464366
127,0,0,-5,261,0.000182813564,0.986281277930
128,1,-3,3,261,0.000182813564,0.986464091494
129,0,-1,5,259,0.000181412694,0.986645504187
130,0,5,-2,254,0.000177910518,0.986823414705
131,0,3,1,252,0.000176509648,0.986999924353
132,1,-5,3,250,0.000175108778,0.987175033131
133,0,4,1,248,0.000173707907,0.987348741038
134,1,-4,3,246,0.000172307037,0.987521048075
135,0,-1,4,244,0.000170906167,0.987691954242
136,1,0,-5,243,0.000170205732,0.987862159974
137,0,4,-2,242,0.000169505297,0.988031665270
138,0,-5,-3,235,0.000164602251,0.988196267521
139,1,0,8,228,0.000159699205,0.988355966727
140,1,4,1,223,0.000156197030,0.988512163756
141,0,-4,-3,212,0.000148492243,0.988660656000
142,1,-6,0,208,0.000145690503,0.988806346502
143,1,-3,-1,205,0.000143589198,0.988949935700
144,0,5,1,200,0.000140087022,0.989090022722
145,1,-5,-3,200,0.000140087022,0.989230109744
146,1,0,-6,200,0.000140087022,0.989370196766
147,0,0,-6,199,0.000139386587,0.989509583353
148,0,0,7,196,0.000137285282,0.989646868635
149,0,-6,0,190,0.000133082671,0.989779951306
150,0,-3,-1,188,0.000131681801,0.989911633106
151,1,-4,-3,185,0.000129580495,0.990041213602
152,0,-5,3,184,0.000128880060,0.990170093662
153,1,3,2,184,0.000128880060,0.990298973722
154,1,6,-1,180,0.000126078320,0.990425052042
155,0,3,2,178,0.000124677450,0.990549729492
156,0,5,-3,174,0.000121875709,0.990671605201
157,0,-1,6,171,0.000119774404,0.990791379605
158,1,5,-3,171,0.000119774404,0.990911154009
159,0,4,-3,166,0.000116272228,0.991027426237
160,1,-6,-1,165,0.000115571793,0.991142998030
161,1,4,-3,165,0.000115571793,0.991258569824
162,1,6,0,165,0.000115571793,0.991374141617
163,1,-1,7,159,0.000111369183,0.991485510799
164,1,-1,4,157,0.000109968312,0.991595479112
165,1,-6,1,156,0.000109267877,0.991704746989
166,1,-1,8,154,0.000107867007,0.991812613996
167,0,-6,-1,153,0.000107166572,0.991919780568
168,0,0,8,152,0.000106466137,0.992026246704
169,1,-1,6,151,0.000105765702,0.992132012406
170,1,3,3,149,0.000104364831,0.992236377238
171,1,5,2,147,0.000102963961,0.992339341199
172,1,0,-7,142,0.000099461786,0.992438802984
173,0,-1,7,139,0.000097360480,0.992536163465
174,1,0,9,139,0.000097360480,0.992633523945
175,1,-1,5,135,0.000094558740,0.992728082685
176,0,0,-7,133,0.000093157870,0.992821240555
177,0,-6,1,131,0.000091756999,0.992912997554
178,1,6,-2,130,0.000091056564,0.993004054118
179,0,3,3,126,0.000088254824,0.993092308942
180,1,-5,-4,123,0.000086153519,0.993178462461
181,0,1,4,122,0.000085453083,0.993263915544
182,0,-4,3,116,0.000081250473,0.993345166017
183,0,4,2,115,0.000080550038,0.993425716055
184,1,-3,-2,114,0.000079849603,0.993505565657
185,1,0,-8,112,0.000078448732,0.993584014390
186,1,1,6,111,0.000077748297,0.993661762687
187,0,0,9,109,0.000076347427,0.993738110114
188,1,-6,-2,109,0.000076347427,0.993814457541
189,0,4,3,108,0.000075646992,0.993890104533
190,0,-1,8,107,0.000074946557,0.993965051090
191,0,-2,-5,106,0.000074246122,0.994039297211
192,0,-5,-4,103,0.000072144816,0.994111442028
193,0,5,2,99,0.000069343076,0.994180785104
194,0,-5,4,98,0.000068642641,0.994249427745
195,1,1,4,98,0.000068642641,0.994318070385
196,0,-3,-2,97,0.000067942206,0.994386012591
197,1,-6,2,97,0.000067942206,0.994453954797
198,1,-2,-5,96,0.000067241771,0.994521196567
199,0,0,-8,94,0.000065840900,0.994587037468
200,0,6,0,94,0.000065840900,0.994652878368
201,0,-1,-5,93,0.000065140465,0.994718018833
202,1,1,7,93,0.000065140465,0.994783159299
203,0,-6,2,92,0.000064440030,0.994847599329
204,1,1,5,88,0.000061638290,0.994909237618
205,1,5,3,88,0.000061638290,0.994970875908
206,0,1,-4,87,0.000060937855,0.995031813763
207,1,-1,9,87,0.000060937855,0.995092751617
208,0,1,5,86,0.000060237419,0.995152989037
209,0,-1,-4,84,0.000058836549,0.995211825586
210,1,-1,-5,84,0.000058836549,0.995270662135
211,0,6,-1,83,0.000058136114,0.995328798249
212,1,0,-9,82,0.000057435679,0.995386233929
213,1,-5,4,80,0.000056034809,0.995442268737
214,0,-6,-2,78,0.000054633939,0.995496902676
215,0,-4,-4,77,0.000053933503,0.995550836179
216,1,-2,-6,73,0.000051131763,0.995601967942
217,1,-5,-5,72,0.000050431328,0.995652399270
218,1,4,2,72,0.000050431328,0.995702830598
219,1,-3,-3,71,0.000049730893,0.995752561491
220,0,-3,-3,70,0.000049030458,0.995801591949
221,1,1,-4,70,0.000049030458,0.995850622407
222,1,6,-3,68,0.000047629587,0.995898251994
223,1,6,1,68,0.000047629587,0.995945881582
224,0,-1,-6,67,0.000046929152,0.995992810734
225,1,-1,-4,67,0.000046929152,0.996039739886
226,0,1,-6,64,0.000044827847,0.996084567733
227,0,6,-2,64,0.000044827847,0.996129395581
228,0,0,10,63,0.000044127412,0.996173522992
229,1,1,-5,63,0.000044127412,0.996217650404
230,0,-2,-6,61,0.000042726542,0.996260376946
231,1,0,11,61,0.000042726542,0.996303103488
232,1,-4,-4,60,0.000042026107,0.996345129595
233,0,1,-5,59,0.000041325672,0.996386455266
234,0,5,3,59,0.000041325672,0.996427780938
235,1,-1,-6,57,0.000039924801,0.996467705739
236,1,-1,10,57,0.000039924801,0.996507630540
237,1,-2,-4,56,0.000039224366,0.996546854906
238,0,0,-9,55,0.000038523931,0.996585378837
239,1,0,-10,55,0.000038523931,0.996623902768
240,1,1,-6,55,0.000038523931,0.996662426699
241,1,0,10,53,0.000037123061,0.996699549760
242,0,-5,-5,52,0.000036422626,0.996735972386
243,0,-2,6,52,0.000036422626,0.996772395012
244,0,1,6,52,0.000036422626,0.996808817638
245,0,-1,-8,51,0.000035722191,0.996844539828
246,0,-1,-7,51,0.000035722191,0.996880262019
247,1,-6,3,51,0.000035722191,0.996915984209
248,1,-2,4,51,0.000035722191,0.996951706400
249,0,-2,4,50,0.000035021756,0.996986728156
250,1,-5,-6,50,0.000035021756,0.997021749911
251,0,-7,1,49,0.000034321320,0.997056071231
252,0,-2,5,49,0.000034321320,0.997090392552
253,0,-1,9,49,0.000034321320,0.997124713872
254,0,-1,10,49,0.000034321320,0.997159035193
255,1,-7,1,48,0.000033620885,0.997192656078
256,1,-2,5,48,0.000033620885,0.997226276963
257,0,6,1,47,0.000032920450,0.997259197413
258,1,-6,-3,47,0.000032920450,0.997292117864
259,1,-4,4,47,0.000032920450,0.997325038314
260,1,-1,11,46,0.000032220015,0.997357258329
261,0,-2,-7,45,0.000031519580,0.997388777909
262,0,0,11,45,0.000031519580,0.997420297489
263,1,-2,6,44,0.000030819145,0.997451116634
264,1,-2,7,44,0.000030819145,0.997481935779
265,1,-1,-8,44,0.000030819145,0.997512754923
266,1,6,2,44,0.000030819145,0.997543574068
267,0,-6,3,43,0.000030118710,0.997573692778
268,0,-2,-4,43,0.000030118710,0.997603811488
269,1,0,-12,43,0.000030118710,0.997633930197
270,0,-2,7,42,0.000029418275,0.997663348472
271,0,0,-11,42,0.000029418275,0.997692766747
272,0,1,-7,42,0.000029418275,0.997722185021
273,1,4,3,42,0.000029418275,0.997751603296
274,0,-7,0,40,0.000028017404,0.997779620700
275,0,0,-12,40,0.000028017404,0.997807638105
276,0,1,7,40,0.000028017404,0.997835655509
277,1,-7,2,40,0.000028017404,0.997863672914
278,1,1,-8,40,0.000028017404,0.997891690318
279,0,1,8,39,0.000027316969,0.997919007287
280,0,6,-3,39,0.000027316969,0.997946324257
281,1,-1,-7,39,0.000027316969,0.997973641226
282,0,-6,-3,38,0.000026616534,0.998000257760
283,1,-7,0,38,0.000026616534,0.998026874294
284,1,0,-11,37,0.000025916099,0.998052790393
285,1,-1,-9,36,0.000025215664,0.998078006057
286,1,-5,5,34,0.000023814794,0.998101820851
287,1,1,-7,34,0.000023814794,0.998125635645
288,0,0,-10,32,0.000022413924,0.998148049568
289,0,1,-8,32,0.000022413924,0.998170463492
290,1,2,-5,32,0.000022413924,0.998192877415
291,0,-5,5,31,0.000021713488,0.998214590904
292,0,-4,-5,31,0.000021713488,0.998236304392
293,0,1,-9,30,0.000021013053,0.998257317446
294,0,2,-5,29,0.000020312618,0.998277630064
295,0,2,-4,29,0.000020312618,0.998297942682
296,1,2,-4,29,0.000020312618,0.998318255300
297,0,-1,-9,28,0.000019612183,0.998337867483
298,1,-4,-5,27,0.000018911748,0.998356779231
299,1,-4,5,27,0.000018911748,0.998375690979
300,1,-2,9,27,0.000018911748,0.998394602727
301,0,2,-6,26,0.000018211313,0.998412814040
302,1,-3,-4,26,0.000018211313,0.998431025353
303,1,-2,-7,26,0.000018211313,0.998449236666
304,1,0,-13,26,0.000018211313,0.998467447979
305,1,1,-12,26,0.000018211313,0.998485659292
306,0,-5,-6,25,0.000017510878,0.998503170169
307,0,-4,4,25,0.000017510878,0.998520681047
308,0,-1,11,25,0.000017510878,0.998538191925
309,0,2,-7,25,0.000017510878,0.998555702803
310,1,7,-1,25,0.000017510878,0.998573213680
311,0,-4,-6,24,0.000016810443,0.998590024123
312,1,-2,8,23,0.000016110008,0.998606134131
313,1,7,0,23,0.000016110008,0.998622244138
314,0,-3,-5,22,0.000015409572,0.998637653710
315,0,-1,-10,22,0.000015409572,0.998653063283
316,0,-7,2,21,0.000014709137,0.998667772420
317,0,-6,4,20,0.000014008702,0.998681781122
318,0,-5,-7,20,0.000014008702,0.998695789825
319,0,0,12,20,0.000014008702,0.998709798527
320,0,2,4,20,0.000014008702,0.998723807229
321,1,1,-9,20,0.000014008702,0.998737815931
322,1,6,3,20,0.000014008702,0.998751824633
323,0,-2,8,19,0.000013308267,0.998765132901
324,0,-1,12,19,0.000013308267,0.998778441168
325,1,-6,4,19,0.000013308267,0.998791749435
326,1,2,-6,19,0.000013308267,0.998805057702
327,0,-6,-4,18,0.000012607832,0.998817665534
328,0,-5,6,18,0.000012607832,0.998830273366
329,0,-4,5,18,0.000012607832,0.998842881198
330,0,-3,-4,18,0.000012607832,0.998855489030
331,0,-2,-8,18,0.000012607832,0.998868096862
332,0,2,-9,18,0.000012607832,0.998880704694
333,1,-6,-4,18,0.000012607832,0.998893312526
334,1,2,-8,18,0.000012607832,0.998905920358
335,0,0,-13,17,0.000011907397,0.998917827755
336,0,2,-8,17,0.000011907397,0.998929735151
337,0,6,2,17,0.000011907397,0.998941642548
338,0,7,0,17,0.000011907397,0.998953549945
339,1,-7,-1,17,0.000011907397,0.998965457342
340,1,-7,3,17,0.000011907397,0.998977364739
341,0,-7,-1,16,0.000011206962,0.998988571701
342,0,-7,3,16,0.000011206962,0.998999778663
343,0,1,-10,16,0.000011206962,0.999010985624
344,1,2,-7,16,0.000011206962,0.999022192586
345,0,1,10,15,0.000010506527,0.999032699113
346,1,-5,-7,15,0.000010506527,0.999043205639
347,1,-2,-8,15,0.000010506527,0.999053712166
348,1,1,-10,15,0.000010506527,0.999064218693
349,1,2,-9,15,0.000010506527,0.999074725219
350,1,7,-2,15,0.000010506527,0.999085231746
351,0,-2,9,14,0.000009806092,0.999095037838
352,0,0,13,14,0.000009806092,0.999104843929
353,0,2,-11,14,0.000009806092,0.999114650021
354,0,2,5,14,0.000009806092,0.999124456112
355,1,-3,-5,14,0.000009806092,0.999134262204
356,1,-2,11,14,0.000009806092,0.999144068295
357,0,-2,10,13,0.000009105656,0.999153173952
358,0,1,9,13,0.000009105656,0.999162279608
359,0,6,3,13,0.000009105656,0.999171385265
360,1,-3,5,13,0.000009105656,0.999180490921
361,1,-2,10,13,0.000009105656,0.999189596577
362,1,0,-14,13,0.000009105656,0.999198702234
363,1,1,-11,13,0.000009105656,0.999207807890
364,1,2,4,13,0.000009105656,0.999216913547
365,1,-7,-2,12,0.000008405221,0.999225318768
366,1,-1,-10,12,0.000008405221,0.999233723989
367,1,0,-15,12,0.000008405221,0.999242129211
368,1,2,5,12,0.000008405221,0.999250534432
369,1,2,6,12,0.000008405221,0.999258939653
370,0,-3,4,11,0.000007704786,0.999266644440
371,0,-2,-9,11,0.000007704786,0.999274349226
372,0,1,-12,11,0.000007704786,0.999282054012
373,0,1,-11,11,0.000007704786,0.999289758798
374,0,2,-10,11,0.000007704786,0.999297463584
375,0,3,4,11,0.000007704786,0.999305168371
376,0,7,-2,11,0.000007704786,0.999312873157
377,0,7,-1,11,0.000007704786,0.999320577943
378,1,0,-19,11,0.000007704786,0.999328282729
379,1,1,-13,11,0.000007704786,0.999335987515
380,1,2,-11,11,0.000007704786,0.999343692302
381,0,-6,-6,10,0.000007004351,0.999350696653
382,0,0,-16,10,0.000007004351,0.999357701004
383,0,0,-15,10,0.000007004351,0.999364705355
384,0,2,6,10,0.000007004351,0.999371709706
385,0,2,7,10,0.000007004351,0.999378714057
386,0,7,-3,10,0.000007004351,0.999385718408
387,1,-4,-6,10,0.000007004351,0.999392722759
388,1,-3,4,10,0.000007004351,0.999399727110
389,1,-3,6,10,0.000007004351,0.999406731462
390,1,7,1,10,0.000007004351,0.999413735813
391,0,-4,-7,9,0.000006303916,0.999420039729
392,0,0,-14,9,0.000006303916,0.999426343645
393,0,0,15,9,0.000006303916,0.999432647561
394,0,2,8,9,0.000006303916,0.999438951477
395,1,-6,-5,9,0.000006303916,0.999445255393
396,1,-5,6,9,0.000006303916,0.999451559309
397,1,0,-17,9,0.000006303916,0.999457863225
398,1,2,-12,9,0.000006303916,0.999464167141
399,0,-7,-2,8,0.000005603481,0.999469770622
400,0,-3,-6,8,0.000005603481,0.999475374102
401,0,-1,-11,8,0.000005603481,0.999480977583
402,0,0,16,8,0.000005603481,0.999486581064
403,0,2,-12,8,0.000005603481,0.999492184545
404,0,3,5,8,0.000005603481,0.999497788026
405,1,-2,-10,8,0.000005603481,0.999503391507
406,1,-2,-9,8,0.000005603481,0.999508994988
407,1,-2,12,8,0.000005603481,0.999514598469
408,1,0,-21,8,0.000005603481,0.999520201949
409,1,3,7,8,0.000005603481,0.999525805430
410,1,3,8,8,0.000005603481,0.999531408911
411,1,7,-3,8,0.000005603481,0.999537012392
412,0,-3,6,7,0.000004903046,0.999541915438
413,0,-3,7,7,0.000004903046,0.999546818484
414,0,-2,11,7,0.000004903046,0.999551721529
415,0,-1,-12,7,0.000004903046,0.999556624575
416,0,1,-22,7,0.000004903046,0.999561527621
417,0,3,7,7,0.000004903046,0.999566430667
418,0,7,1,7,0.000004903046,0.999571333713
419,1,-6,5,7,0.000004903046,0.999576236758
420,1,-3,-6,7,0.000004903046,0.999581139804
421,1,-3,8,7,0.000004903046,0.999586042850
422,1,-1,-11,7,0.000004903046,0.999590945896
423,1,1,8,7,0.000004903046,0.999595848941
424,1,2,-10,7,0.000004903046,0.999600751987
425,1,3,-9,7,0.000004903046,0.999605655033
426,0,-7,4,6,0.000004202611,0.999609857644
427,0,-3,5,6,0.000004202611,0.999614060254
428,0,0,-20,6,0.000004202611,0.999618262865
429,0,1,-20,6,0.000004202611,0.999622465476
430,0,1,-15,6,0.000004202611,0.999626668086
431,0,3,-10,6,0.000004202611,0.999630870697
432,0,3,-6,6,0.000004202611,0.999635073308
433,1,-7,-3,6,0.000004202611,0.999639275918
434,1,-7,4,6,0.000004202611,0.999643478529
435,1,-5,-8,6,0.000004202611,0.999647681140
436,1,-5,7,6,0.000004202611,0.999651883750
437,1,-4,6,6,0.000004202611,0.999656086361
438,1,1,9,6,0.000004202611,0.999660288972
439,1,2,-13,6,0.000004202611,0.999664491582
440,1,3,5,6,0.000004202611,0.999668694193
441,0,-7,-3,5,0.000003502176,0.999672196368
442,0,-6,5,5,0.000003502176,0.999675698544
443,0,-4,-8,5,0.000003502176,0.999679200719
444,0,-4,6,5,0.000003502176,0.999682702895
445,0,-3,-7,5,0.000003502176,0.999686205071
446,0,-3,8,5,0.000003502176,0.999689707246
447,0,-2,12,5,0.000003502176,0.999693209422
448,0,-1,13,5,0.000003502176,0.999696711597
449,0,-1,14,5,0.000003502176,0.999700213773
450,0,-1,16,5,0.000003502176,0.999703715948
451,0,0,-19,5,0.000003502176,0.999707218124
452,0,0,-18,5,0.000003502176,0.999710720299
453,0,2,9,5,0.000003502176,0.999714222475
454,1,-4,7,5,0.000003502176,0.999717724651
455,1,-1,12,5,0.000003502176,0.999721226826
456,1,-1,17,5,0.000003502176,0.999724729002
457,1,0,-20,5,0.000003502176,0.999728231177
458,1,0,-16,5,0.000003502176,0.999731733353
459,1,1,-21,5,0.000003502176,0.999735235528
460,1,1,-15,5,0.000003502176,0.999738737704
461,1,3,-10,5,0.000003502176,0.999742239879
462,0,-2,13,4,0.000002801740,0.999745041620
463,0,0,-17,4,0.000002801740,0.999747843360
464,0,0,14,4,0.000002801740,0.999750645101
465,0,1,-14,4,0.000002801740,0.999753446841
466,0,1,-13,4,0.000002801740,0.999756248582
467,0,1,12,4,0.000002801740,0.999759050322
468,0,2,-13,4,0.000002801740,0.999761852063
469,0,3,-5,4,0.000002801740,0.999764653803
470,0,3,8,4,0.000002801740,0.999767455543
471,0,3,9,4,0.000002801740,0.999770257284
472,1,-6,-6,4,0.000002801740,0.999773059024
473,1,-6,6,4,0.000002801740,0.999775860765
474,1,-3,-7,4,0.000002801740,0.999778662505
475,1,-3,7,4,0.000002801740,0.999781464246
476,1,-3,9,4,0.000002801740,0.999784265986
477,1,-1,-12,4,0.000002801740,0.999787067726
478,1,0,-22,4,0.000002801740,0.999789869467
479,1,0,13,4,0.000002801740,0.999792671207
480,1,1,-22,4,0.000002801740,0.999795472948
481,1,1,-20,4,0.000002801740,0.999798274688
482,1,1,-14,4,0.000002801740,0.999801076429
483,1,1,10,4,0.000002801740,0.999803878169
484,1,3,-6,4,0.000002801740,0.999806679910
485,1,3,-5,4,0.000002801740,0.999809481650
486,1,5,4,4,0.000002801740,0.999812283390
487,1,7,2,4,0.000002801740,0.999815085131
488,0,-7,5,3,0.000002101305,0.999817186436
489,0,-6,-5,3,0.000002101305,0.999819287742
490,0,-3,9,3,0.000002101305,0.999821389047
491,0,-1,15,3,0.000002101305,0.999823490352
492,0,1,-17,3,0.000002101305,0.999825591658
493,0,1,-16,3,0.000002101305,0.999827692963
494,0,2,-16,3,0.000002101305,0.999829794268
495,0,2,-15,3,0.000002101305,0.999831895574
496,0,3,-13,3,0.000002101305,0.999833996879
497,0,3,-8,3,0.000002101305,0.999836098184
498,0,3,-4,3,0.000002101305,0.999838199490
499,0,3,6,3,0.000002101305,0.999840300795
500,0,3,10,3,0.000002101305,0.999842402100
501,0,3,11,3,0.000002101305,0.999844503406
502,0,4,4,3,0.000002101305,0.999846604711
503,1,-7,-4,3,0.000002101305,0.999848706016
504,1,-7,5,3,0.000002101305,0.999850807322
505,1,-4,-7,3,0.000002101305,0.999852908627
506,1,-2,13,3,0.000002101305,0.999855009932
507,1,-2,16,3,0.000002101305,0.999857111238
508,1,0,12,3,0.000002101305,0.999859212543
509,1,0,14,3,0.000002101305,0.999861313848
510,1,0,16,3,0.000002101305,0.999863415153
511,1,1,-16,3,0.000002101305,0.999865516459
512,1,2,-17,3,0.000002101305,0.999867617764
513,1,2,-15,3,0.000002101305,0.999869719069
514,1,2,-14,3,0.000002101305,0.999871820375
515,1,3,-12,3,0.000002101305,0.999873921680
516,1,3,4,3,0.000002101305,0.999876022985
517,1,3,6,3,0.000002101305,0.999878124291
518,1,3,9,3,0.000002101305,0.999880225596
519,1,7,3,3,0.000002101305,0.999882326901
520,0,-7,6,2,0.000001400870,0.999883727772
521,0,-6,6,2,0.000001400870,0.999885128642
522,0,-5,7,2,0.000001400870,0.999886529512
523,0,-3,-8,2,0.000001400870,0.999887930382
524,0,-3,10,2,0.000001400870,0.999889331253
525,0,-2,-10,2,0.000001400870,0.999890732123
526,0,0,-21,2,0.000001400870,0.999892132993
527,0,0,17,2,0.000001400870,0.999893533863
528,0,1,-21,2,0.000001400870,0.999894934733
529,0,1,11,2,0.000001400870,0.999896335604
530,0,1,18,2,0.000001400870,0.999897736474
531,0,2,-22,2,0.000001400870,0.999899137344
532,0,2,-20,2,0.000001400870,0.999900538214
533,0,2,-14,2,0.000001400870,0.999901939085
534,0,4,5,2,0.000001400870,0.999903339955
535,0,4,8,2,0.000001400870,0.999904740825
536,0,5,-20,2,0.000001400870,0.999906141695
537,0,7,2,2,0.000001400870,0.999907542565
538,0,7,3,2,0.000001400870,0.999908943436
539,0,8,1,2,0.000001400870,0.999910344306
540,1,-8,2,2,0.000001400870,0.999911745176
541,1,-7,6,2,0.000001400870,0.999913146046
542,1,-6,-7,2,0.000001400870,0.999914546917
543,1,-4,-8,2,0.000001400870,0.999915947787
544,1,-3,-9,2,0.000001400870,0.999917348657
545,1,-3,-8,2,0.000001400870,0.999918749527
546,1,-2,-11,2,0.000001400870,0.999920150397
547,1,-2,14,2,0.000001400870,0.999921551268
548,1,-1,-14,2,0.000001400870,0.999922952138
549,1,-1,15,2,0.000001400870,0.999924353008
550,1,-1,16,2,0.000001400870,0.999925753878
551,1,0,-18,2,0.000001400870,0.999927154749
552,1,0,15,2,0.000001400870,0.999928555619
553,1,1,-19,2,0.000001400870,0.999929956489
554,1,1,-17,2,0.000001400870,0.999931357359
555,1,1,11,2,0.000001400870,0.999932758229
556,1,2,7,2,0.000001400870,0.999934159100
557,1,3,-11,2,0.000001400870,0.999935559970
558,1,3,-7,2,0.000001400870,0.999936960840
559,1,3,-4,2,0.000001400870,0.999938361710
560,1,5,7,2,0.000001400870,0.999939762581
561,0,-8,-1,1,0.000000700435,0.999940463016
562,0,-8,0,1,0.000000700435,0.999941163451
563,0,-8,1,1,0.000000700435,0.999941863886
564,0,-8,2,1,0.000000700435,0.999942564321
565,0,-7,-5,1,0.000000700435,0.999943264756
566,0,-7,7,1,0.000000700435,0.999943965191
567,0,-6,-7,1,0.000000700435,0.999944665626
568,0,-6,7,1,0.000000700435,0.999945366061
569,0,-6,8,1,0.000000700435,0.999946066497
570,0,-6,23,1,0.000000700435,0.999946766932
571,0,-5,-9,1,0.000000700435,0.999947467367
572,0,-5,-8,1,0.000000700435,0.999948167802
573,0,-4,8,1,0.000000700435,0.999948868237
574,0,-3,-10,1,0.000000700435,0.999949568672
575,0,-3,14,1,0.000000700435,0.999950269107
576,0,-3,15,1,0.000000700435,0.999950969542
577,0,-2,15,1,0.000000700435,0.999951669977
578,0,-2,16,1,0.000000700435,0.999952370413
579,0,-2,17,1,0.000000700435,0.999953070848
580,0,-1,-15,1,0.000000700435,0.999953771283
581,0,-1,-13,1,0.000000700435,0.999954471718
582,0,0,-23,1,0.000000700435,0.999955172153
583,0,0,-22,1,0.000000700435,0.999955872588
584,0,0,18,1,0.000000700435,0.999956573023
585,0,1,-19,1,0.000000700435,0.999957273458
586,0,1,13,1,0.000000700435,0.999957973893
587,0,2,-23,1,0.000000700435,0.999958674328
588,0,2,-21,1,0.000000700435,0.999959374764
589,0,2,-17,1,0.000000700435,0.999960075199
590,0,2,10,1,0.000000700435,0.999960775634
591,0,2,11,1,0.000000700435,0.999961476069
592,0,2,16,1,0.000000700435,0.999962176504
593,0,3,-16,1,0.000000700435,0.999962876939
594,0,3,-14,1,0.000000700435,0.999963577374
595,0,3,-7,1,0.000000700435,0.999964277809
596,0,3,18,1,0.000000700435,0.999964978244
597,0,4,-6,1,0.000000700435,0.999965678680
598,0,4,6,1,0.000000700435,0.999966379115
599,0,4,7,1,0.000000700435,0.999967079550
600,0,4,10,1,0.000000700435,0.999967779985
601,0,4,14,1,0.000000700435,0.999968480420
602,0,5,-25,1,0.000000700435,0.999969180855
603,0,5,-6,1,0.000000700435,0.999969881290
604,0,5,7,1,0.000000700435,0.999970581725
605,0,6,4,1,0.000000700435,0.999971282160
606,0,6,5,1,0.000000700435,0.999971982596
607,0,8,-1,1,0.000000700435,0.999972683031
608,0,8,0,1,0.000000700435,0.999973383466
609,0,8,2,1,0.000000700435,0.999974083901
610,1,-8,0,1,0.000000700435,0.999974784336
611,1,-8,1,1,0.000000700435,0.999975484771
612,1,-8,3,1,0.000000700435,0.999976185206
613,1,-7,-5,1,0.000000700435,0.999976885641
614,1,-4,-9,1,0.000000700435,0.999977586076
615,1,-3,-10,1,0.000000700435,0.999978286512
616,1,-3,10,1,0.000000700435,0.999978986947
617,1,-3,11,1,0.000000700435,0.999979687382
618,1,-2,-12,1,0.000000700435,0.999980387817
619,1,-2,17,1,0.000000700435,0.999981088252
620,1,-1,-13,1,0.000000700435,0.999981788687
621,1,0,-25,1,0.000000700435,0.999982489122
622,1,0,-23,1,0.000000700435,0.999983189557
623,1,0,17,1,0.000000700435,0.999983889992
624,1,0,20,1,0.000000700435,0.999984590428
625,1,2,-21,1,0.000000700435,0.999985290863
626,1,2,-16,1,0.000000700435,0.999985991298
627,1,2,8,1,0.000000700435,0.999986691733
628,1,2,9,1,0.000000700435,0.999987392168
629,1,2,10,1,0.000000700435,0.999988092603
630,1,2,11,1,0.000000700435,0.999988793038
631,1,2,12,1,0.000000700435,0.999989493473
632,1,2,13,1,0.000000700435,0.999990193908
633,1,3,-15,1,0.000000700435,0.999990894344
634,1,3,-13,1,0.000000700435,0.999991594779
635,1,3,-8,1,0.000000700435,0.999992295214
636,1,3,10,1,0.000000700435,0.999992995649
637,1,4,-11,1,0.000000700435,0.999993696084
638,1,4,-5,1,0.000000700435,0.999994396519
639,1,4,4,1,0.000000700435,0.999995096954
640,1,5,5,1,0.000000700435,0.999995797389
641,1,5,8,1,0.000000700435,0.999996497824
642,1,8,-2,1,0.000000700435,0.999997198260
643,1,8,-1,1,0.000000700435,0.999997898695
644,1,8,0,1,0.000000700435,0.999998599130
645,1,8,3,1,0.000000700435,0.999999299565
646,1,13,0,1,0.000000700435,1.000000000000
