Dataset,total,comp_bits_max_le_100,comp_bits_min,comp_speed_max_MBps,comp_time,comp_bits,comp_speed_avg_MBps,comp_speed_min_MBps,decomp_time,decomp_speed,decomp_speed_min,decomp_speed_max
Air-pressure,95927.00,73.00,3.00,62.03,109.16,33.37,6.70,0.64,40.45,18.97,3.09,148.15
Basel-temp,100000.00,81.00,3.00,46.81,117.66,37.21,6.48,1.52,34.23,23.37,2.25,126.98
Basel-wind,99999.00,76.00,3.00,40.80,123.46,37.80,6.18,0.53,32.25,24.81,3.50,133.33
Bird-migration,89866.00,74.00,3.00,69.99,109.53,34.61,6.26,1.46,28.27,25.43,4.41,216.22
Bitcoin-price,7115.00,74.00,30.00,42.39,11.42,40.97,4.76,1.45,2.50,22.75,8.26,109.59
Blockchain-tr,99998.00,80.00,3.00,75.54,120.51,21.21,6.33,0.02,24.49,32.66,3.57,571.43
California,43823.00,74.00,20.00,44.88,50.58,32.67,6.61,1.18,11.85,29.59,4.50,135.59
City-lat,41000.00,81.00,3.00,42.86,52.63,34.56,5.94,1.33,12.17,26.94,5.17,142.86
City-lon,41000.00,81.00,3.00,42.15,47.41,39.49,6.60,1.94,15.18,21.61,2.39,125.00
City-temp,100000.00,74.00,3.00,76.29,58.24,18.35,13.10,0.78,19.80,40.40,4.60,363.64
Dew-point-temp,100000.00,74.00,3.00,66.34,80.21,24.32,9.51,0.87,25.01,31.99,3.53,142.86
electric_vehicle_charging,3394.00,74.00,3.00,64.11,2.27,21.58,11.39,2.10,0.87,31.11,7.29,119.40
exchange,7587.00,74.00,3.00,50.19,6.92,30.55,8.37,2.60,2.22,27.33,5.76,129.03
Food-price,100000.00,70.00,3.00,70.64,62.52,17.30,12.20,1.69,19.51,41.01,2.76,333.33
hrl_load_metered,43895.00,70.00,22.00,49.22,43.38,33.98,7.72,2.03,14.53,24.17,3.16,125.00
IR-bio-temp,99601.00,74.00,3.00,76.29,52.98,16.20,14.34,1.41,19.21,41.47,3.12,242.42
KPI_18fb,129127.00,74.00,3.00,70.64,86.37,19.78,11.41,1.62,29.56,34.94,1.04,156.86
PM10-dust,93661.00,74.00,3.00,76.29,35.31,10.13,20.24,1.40,12.86,58.29,3.22,571.43
SSD-bench,8926.00,74.00,3.00,73.36,5.32,16.25,12.80,2.15,1.51,47.28,10.42,200.00
Stocks-DE,100001.00,74.00,3.00,71.30,74.84,25.29,10.19,1.04,26.08,30.68,2.41,177.78
Stocks-UK,100001.00,73.00,3.00,71.30,71.31,22.82,10.70,1.14,20.75,38.55,3.82,200.00
Stocks-USA,100001.00,74.00,3.00,74.07,78.14,21.86,9.76,1.14,23.54,33.98,2.57,170.21
waveform_float,95999.00,75.00,3.00,74.07,105.68,27.38,6.93,0.95,29.03,26.45,4.34,264.00
Wind-Speed,99131.00,74.00,3.00,71.98,50.93,14.98,14.85,1.03,16.02,49.50,7.98,156.86
