dataset,records,method,access_mode,range_length,queries,warmup_queries,total_time_ms,avg_us,p50_us,p95_us,p99_us,stddev_us,cv_percent,queries_per_sec,returned_values_per_sec,saltplus_speedup_over_method_x,checksum
City-temp,100001,ALP,full_decompression,2,100,10,6828.7332,68287.332,76832.9,87271.1,91746.5,20688.38127,30.296,14.644,29.288,647.610906,10225.7
City-temp,100001,Camel,full_decompression,2,100,10,929.1029,9291.029,9259.4,10142.7,11667.2,626.147017,6.739,107.631,215.261,88.112561,10225.7
City-temp,100001,Chimp,full_decompression,2,100,10,3268.7413,32687.413,32603.9,34213.8,34786.2,1013.903499,3.102,30.593,61.186,309.994907,10225.7
City-temp,100001,Chimp128,full_decompression,2,100,10,1993.5666,19935.666,19860.3,20986.5,22446.2,681.861649,3.42,50.161,100.323,189.062222,10225.7
City-temp,100001,DeXOR,full_decompression,2,100,10,996.3313,9963.313,9872.6,10548.2,10743.2,325.261889,3.265,100.368,200.736,94.488245,10225.7
City-temp,100001,Elf,full_decompression,2,100,10,1752.9515,17529.515,17484.8,19395.5,21578.3,1040.698654,5.937,57.047,114.093,166.243207,10225.7
City-temp,100001,ElfPlus,full_decompression,2,100,10,1620.9069,16209.069,16042.2,16996.5,18284.1,1237.040551,7.632,61.694,123.388,153.720603,10225.7
City-temp,100001,Gorilla,full_decompression,2,100,10,3395.7157,33957.157,33750.1,35121.9,36759.8,3249.109348,9.568,29.449,58.898,322.036673,10225.7
City-temp,100001,Raw,raw_direct,2,100,10,0.1065,1.065,0.7,2.6,3.3,2.156311,202.47,938967.136,1877934.272,0.0101,10225.7
City-temp,100001,SALT+,indexed_partial_decompression,2,100,10,10.5445,105.445,94,165.1,184.9,36.485743,34.602,9483.617,18967.234,1,10225.7
City-temp,100001,SALTE,full_decompression,2,100,10,1760.3144,17603.144,17559.8,18729.4,19293.2,721.817478,4.101,56.808,113.616,166.941477,10225.7
City-temp,100001,ALP,full_decompression,4,100,10,6753.1413,67531.413,75393.3,84065.9,100642.3,20177.57531,29.879,14.808,59.232,642.293805,20486.9
City-temp,100001,Camel,full_decompression,4,100,10,934.0969,9340.969,9331.2,9988.1,12131.2,718.532284,7.692,107.055,428.221,88.842307,20486.9
City-temp,100001,Chimp,full_decompression,4,100,10,3258.1603,32581.603,32565.2,34304.6,34935.3,951.359423,2.92,30.692,122.769,309.88485,20486.9
City-temp,100001,Chimp128,full_decompression,4,100,10,2006.4114,20064.114,19876.2,21271.1,29326.9,1509.745314,7.525,49.84,199.361,190.830542,20486.9
City-temp,100001,DeXOR,full_decompression,4,100,10,999.1028,9991.028,9998,10429,10987.4,362.104826,3.624,100.09,400.359,95.025043,20486.9
City-temp,100001,Elf,full_decompression,4,100,10,1749.3054,17493.054,17348.5,18568.7,19009.2,730.505634,4.176,57.166,228.662,166.377094,20486.9
City-temp,100001,ElfPlus,full_decompression,4,100,10,1618.8252,16188.252,16033.6,16768.3,18385,1252.053967,7.734,61.773,247.093,153.967073,20486.9
City-temp,100001,Gorilla,full_decompression,4,100,10,3349.9217,33499.217,33532.3,35026.2,35835.1,1064.1511,3.177,29.851,119.406,318.612311,20486.9
City-temp,100001,Raw,raw_direct,4,100,10,0.052,0.52,0.3,1.3,2.9,0.80486,154.781,1923076.923,7692307.692,0.004946,20486.9
City-temp,100001,SALT+,indexed_partial_decompression,4,100,10,10.5141,105.141,90.8,175.5,191.9,40.86396,38.866,9511.038,38044.15,1,20486.9
City-temp,100001,SALTE,full_decompression,4,100,10,1753.3683,17533.683,17560.2,18648,19153,692.622598,3.95,57.033,228.132,166.763518,20486.9
City-temp,100001,ALP,full_decompression,8,100,10,6844.8234,68448.234,76197.4,87000.9,97031.6,20478.41735,29.918,14.61,116.877,636.698144,41457.4
City-temp,100001,Camel,full_decompression,8,100,10,934.5649,9345.649,9270.3,10202.9,10732.8,577.830687,6.183,107.002,856.013,86.932226,41457.4
City-temp,100001,Chimp,full_decompression,8,100,10,3270.7076,32707.076,32589.2,34804.2,37216.6,1173.872154,3.589,30.574,244.595,304.237719,41457.4
City-temp,100001,Chimp128,full_decompression,8,100,10,1982.6166,19826.166,19820.6,20630.7,21161.2,644.524093,3.251,50.438,403.507,184.420873,41457.4
City-temp,100001,DeXOR,full_decompression,8,100,10,1003.6811,10036.811,9888.1,10534.2,12036.9,988.60367,9.85,99.633,797.066,93.361341,41457.4
City-temp,100001,Elf,full_decompression,8,100,10,1772.5748,17725.748,17569.3,19077.9,24818,1471.445583,8.301,56.415,451.321,164.88301,41457.4
City-temp,100001,ElfPlus,full_decompression,8,100,10,1604.8236,16048.236,15959.2,16831.4,17384.8,475.864084,2.965,62.312,498.497,149.278973,41457.4
City-temp,100001,Gorilla,full_decompression,8,100,10,3343.7609,33437.609,33615.7,34872,35138.2,1043.975982,3.122,29.906,239.252,311.033059,41457.4
City-temp,100001,Raw,raw_direct,8,100,10,0.0377,0.377,0.3,0.9,1.7,0.325225,86.266,2652519.894,21220159.15,0.003507,41457.4
City-temp,100001,SALT+,indexed_partial_decompression,8,100,10,10.7505,107.505,91.1,166.7,180.7,47.743273,44.41,9301.893,74415.143,1,41457.4
City-temp,100001,SALTE,full_decompression,8,100,10,1768.0179,17680.179,17635.5,19229.5,19607.2,949.176176,5.369,56.561,452.484,164.459132,41457.4
City-temp,100001,ALP,full_decompression,16,100,10,7039.2358,70392.358,76550.5,86512,107323.4,31582.55294,44.866,14.206,227.297,643.111004,80756.2
City-temp,100001,Camel,full_decompression,16,100,10,922.1779,9221.779,9273.2,10000.3,11176,556.349544,6.033,108.439,1735.023,84.251014,80756.2
City-temp,100001,Chimp,full_decompression,16,100,10,3283.0894,32830.894,32430.5,34468.6,38355.1,2726.098111,8.303,30.459,487.346,299.946042,80756.2
City-temp,100001,Chimp128,full_decompression,16,100,10,1993.4426,19934.426,19740.3,20843.2,21135.6,1269.119816,6.366,50.164,802.632,182.122734,80756.2
City-temp,100001,DeXOR,full_decompression,16,100,10,996.2551,9962.551,9904.3,10658.3,10964.9,373.062753,3.745,100.376,1606.014,91.018775,80756.2
City-temp,100001,Elf,full_decompression,16,100,10,1746.7104,17467.104,17422.9,19174.3,20158.5,1128.833001,6.463,57.25,916.008,159.581055,80756.2
City-temp,100001,ElfPlus,full_decompression,16,100,10,1611.3827,16113.827,15977.4,16871.7,17778.1,519.030608,3.221,62.059,992.936,147.217393,80756.2
City-temp,100001,Gorilla,full_decompression,16,100,10,3345.7969,33457.969,33438,35503.5,36398.6,1001.412405,2.993,29.888,478.212,305.675057,80756.2
City-temp,100001,Raw,raw_direct,16,100,10,0.0353,0.353,0.3,0.9,1.5,0.271092,76.797,2832861.19,45325779.04,0.003225,80756.2
City-temp,100001,SALT+,indexed_partial_decompression,16,100,10,10.9456,109.456,91.1,167,229.9,63.438922,57.958,9136.091,146177.459,1,80756.2
City-temp,100001,SALTE,full_decompression,16,100,10,1770.9088,17709.088,17685.6,18770,20153.5,751.340932,4.243,56.468,903.491,161.791843,80756.2
City-temp,100001,ALP,full_decompression,32,100,10,6818.189,68181.89,76138,89628.2,95075.4,20639.11974,30.271,14.667,469.333,563.058584,165834.6
City-temp,100001,Camel,full_decompression,32,100,10,932.2872,9322.872,9285.1,10194.2,13251.1,775.477717,8.318,107.263,3432.419,76.989991,165834.6
City-temp,100001,Chimp,full_decompression,32,100,10,3283.6884,32836.884,32570.1,33987.6,35503.9,2189.741549,6.669,30.454,974.514,271.173025,165834.6
City-temp,100001,Chimp128,full_decompression,32,100,10,1982.3236,19823.236,19749.6,20949.6,21397.1,697.3955,3.518,50.446,1614.267,163.703928,165834.6
City-temp,100001,DeXOR,full_decompression,32,100,10,999.6465,9996.465,9948.2,10591.3,11120.5,411.694092,4.118,100.035,3201.132,82.552646,165834.6
City-temp,100001,Elf,full_decompression,32,100,10,1733.0677,17330.677,17388.7,18820.3,19456.3,822.186454,4.744,57.701,1846.437,143.119917,165834.6
City-temp,100001,ElfPlus,full_decompression,32,100,10,1618.2307,16182.307,16034.2,17067.6,18557.5,1212.239621,7.491,61.796,1977.468,133.636466,165834.6
City-temp,100001,Gorilla,full_decompression,32,100,10,3362.7053,33627.053,33550.6,35185.7,37639.9,1183.117569,3.518,29.738,951.615,277.698386,165834.6
City-temp,100001,Raw,raw_direct,32,100,10,0.0353,0.353,0.2,0.9,1.4,0.333003,94.335,2832861.19,90651558.07,0.002915,165834.6
City-temp,100001,SALT+,indexed_partial_decompression,32,100,10,12.1092,121.092,93.9,269.9,289.1,62.06909,51.258,8258.184,264261.884,1,165834.6
City-temp,100001,SALTE,full_decompression,32,100,10,1781.6154,17816.154,17825.9,19174.4,19523.6,942.073042,5.288,56.129,1796.123,147.129075,165834.6
City-temp,100001,ALP,full_decompression,64,100,10,6738.288,67382.88,76166.6,84512.1,94510.9,20258.5537,30.065,14.841,949.796,494.792927,344267.7
City-temp,100001,Camel,full_decompression,64,100,10,929.075,9290.75,9274.3,10045.6,10505.2,509.361528,5.482,107.634,6888.572,68.222038,344267.7
City-temp,100001,Chimp,full_decompression,64,100,10,3273.2263,32732.263,32641.7,34000.6,35081.8,782.673966,2.391,30.551,1955.257,240.353221,344267.7
City-temp,100001,Chimp128,full_decompression,64,100,10,1983.4182,19834.182,19795.6,21078.3,21502.4,691.05436,3.484,50.418,3226.753,145.642528,344267.7
City-temp,100001,DeXOR,full_decompression,64,100,10,992.2831,9922.831,9911.2,10352.2,10403.4,295.737181,2.98,100.778,6449.772,72.863413,344267.7
City-temp,100001,Elf,full_decompression,64,100,10,1750.526,17505.26,17405.1,19241.7,21009.9,1231.216002,7.033,57.126,3656.044,128.541238,344267.7
City-temp,100001,ElfPlus,full_decompression,64,100,10,1617.7292,16177.292,15969.6,16831.9,17533.4,1645.919904,10.174,61.815,3956.163,118.789961,344267.7
City-temp,100001,Gorilla,full_decompression,64,100,10,3410.2612,34102.612,33699.5,35308,55092.8,3675.842676,10.779,29.323,1876.689,250.415702,344267.7
City-temp,100001,Raw,raw_direct,64,100,10,0.0521,0.521,0.4,0.9,3.5,0.733389,140.766,1919385.797,122840691,0.003826,344267.7
City-temp,100001,SALT+,indexed_partial_decompression,64,100,10,13.6184,136.184,141,257.5,270,57.07471,41.91,7343.007,469952.417,1,344267.7
City-temp,100001,SALTE,full_decompression,64,100,10,1772.6127,17726.127,17660.7,18989.4,19253.3,788.918885,4.451,56.414,3610.49,130.163066,344267.7
City-temp,100001,ALP,full_decompression,128,100,10,6861.332,68613.32,76013.8,89094.5,94601.5,20901.73166,30.463,14.574,1865.527,402.681597,699953
City-temp,100001,Camel,full_decompression,128,100,10,937.2744,9372.744,9248.5,10598.5,13826.6,1023.437009,10.919,106.692,13656.62,55.007272,699953
City-temp,100001,Chimp,full_decompression,128,100,10,3245.1779,32451.779,32421.8,34015.8,34720.6,949.824799,2.927,30.815,3944.314,190.454772,699953
City-temp,100001,Chimp128,full_decompression,128,100,10,2003.8585,20038.585,19765.3,21032,30015.9,1578.55269,7.878,49.904,6387.677,117.603541,699953
City-temp,100001,DeXOR,full_decompression,128,100,10,1003.1276,10031.276,10012.4,10738.5,10962.9,377.975051,3.768,99.688,12760.092,58.8721,699953
City-temp,100001,Elf,full_decompression,128,100,10,1743.135,17431.35,17370.8,18750.1,21181.2,1086.990653,6.236,57.368,7343.092,102.302058,699953
City-temp,100001,ElfPlus,full_decompression,128,100,10,1612.0671,16120.671,16068.4,16948.1,17198,408.836287,2.536,62.032,7940.116,94.609874,699953
City-temp,100001,Gorilla,full_decompression,128,100,10,3347.4052,33474.052,33495.5,34660.7,37137,1291.823075,3.859,29.874,3823.857,196.454343,699953
City-temp,100001,Raw,raw_direct,128,100,10,0.059,0.59,0.4,1.3,3.1,0.600417,101.766,1694915.254,216949152.5,0.003463,699953
City-temp,100001,SALT+,indexed_partial_decompression,128,100,10,17.0391,170.391,149.9,272.2,288.3,57.537836,33.768,5868.855,751213.386,1,699953
City-temp,100001,SALTE,full_decompression,128,100,10,1763.2208,17632.208,17560.2,18824.3,19272.5,762.895639,4.327,56.714,7259.442,103.480865,699953
City-temp,100001,ALP,full_decompression,256,100,10,6874.4743,68744.743,76173.6,90103.2,94968.9,21051.51205,30.623,14.547,3723.921,284.645534,1387764.2
City-temp,100001,Camel,full_decompression,256,100,10,925.8921,9258.921,9232.5,10046.8,11893.6,621.434648,6.712,108.004,27649.01,38.33763,1387764.2
City-temp,100001,Chimp,full_decompression,256,100,10,3268.1418,32681.418,32534.9,33780.6,34566.1,2106.582124,6.446,30.598,7833.197,135.321179,1387764.2
City-temp,100001,Chimp128,full_decompression,256,100,10,2013.1621,20131.621,19761.5,21027,31305.3,1876.762113,9.322,49.673,12716.313,83.357298,1387764.2
City-temp,100001,DeXOR,full_decompression,256,100,10,1008.0814,10080.814,10011.4,10472.6,12653,998.448543,9.904,99.198,25394.775,41.740773,1387764.2
City-temp,100001,Elf,full_decompression,256,100,10,1752.9968,17529.968,17474.6,19156.5,20880.3,1152.223085,6.573,57.045,14603.563,72.584854,1387764.2
City-temp,100001,ElfPlus,full_decompression,256,100,10,1605.5245,16055.245,15927.2,17021.1,17666.3,535.155023,3.333,62.285,15944.945,66.478593,1387764.2
City-temp,100001,Gorilla,full_decompression,256,100,10,3371.3634,33713.634,33408,34801.6,40770.4,3368.025795,9.99,29.662,7593.367,139.595189,1387764.2
City-temp,100001,Raw,raw_direct,256,100,10,0.0754,0.754,0.7,1.3,2,0.504662,66.931,1326259.947,339522546.4,0.003122,1387764.2
City-temp,100001,SALT+,indexed_partial_decompression,256,100,10,24.151,241.51,211.1,382.8,439.7,84.901624,35.154,4140.615,1059997.516,1,1387764.2
City-temp,100001,SALTE,full_decompression,256,100,10,1756.2587,17562.587,17662.8,18850.1,20234.3,915.978018,5.216,56.939,14576.44,72.719916,1387764.2
City-temp,100001,ALP,full_decompression,512,100,10,6768.6573,67686.573,75996.4,85531.9,88623.1,20370.97726,30.096,14.774,7564.277,173.989844,2871475.9
City-temp,100001,Camel,full_decompression,512,100,10,936.9433,9369.433,9280.5,10713.4,12930.3,847.035768,9.04,106.73,54645.783,24.084336,2871475.9
City-temp,100001,Chimp,full_decompression,512,100,10,3262.8207,32628.207,32604.3,34025.9,34259.8,760.64517,2.331,30.648,15691.944,83.871533,2871475.9
City-temp,100001,Chimp128,full_decompression,512,100,10,1983.3347,19833.347,19802.9,20686.7,21320.3,632.188073,3.188,50.42,25815.108,50.98206,2871475.9
City-temp,100001,DeXOR,full_decompression,512,100,10,1007.7315,10077.315,9977.8,10562.7,10979.4,1088.206918,10.799,99.233,50807.184,25.903963,2871475.9
City-temp,100001,Elf,full_decompression,512,100,10,1755.7001,17557.001,17461.9,18601.7,21769.9,1118.9268,6.373,56.957,29162.156,45.130662,2871475.9
City-temp,100001,ElfPlus,full_decompression,512,100,10,1611.4928,16114.928,16062.6,17041.2,17213.2,487.867011,3.027,62.054,31771.783,41.423781,2871475.9
City-temp,100001,Gorilla,full_decompression,512,100,10,3351.3366,33513.366,33705.5,34729.7,35000.8,937.605639,2.798,29.839,15277.487,86.146854,2871475.9
City-temp,100001,Raw,raw_direct,512,100,10,0.1291,1.291,1.1,2.6,3.6,0.626593,48.535,774593.338,396591789.3,0.003319,2871475.9
City-temp,100001,SALT+,indexed_partial_decompression,512,100,10,38.9026,389.026,335.6,604.7,675.2,134.88848,34.673,2570.522,1316107.407,1,2871475.9
City-temp,100001,SALTE,full_decompression,512,100,10,1771.6086,17716.086,17660.8,19336.1,19637.8,826.40369,4.665,56.446,28900.289,45.539594,2871475.9
City-temp,100001,ALP,full_decompression,1024,100,10,6776.863,67768.63,75619.3,86746.1,93102.9,20712.71821,30.564,14.756,15110.236,100.873646,5334052.8
City-temp,100001,Camel,full_decompression,1024,100,10,928.6469,9286.469,9261.4,10009.9,11025.6,620.226263,6.679,107.684,110267.961,13.822915,5334052.8
City-temp,100001,Chimp,full_decompression,1024,100,10,3257.7348,32577.348,32509.8,33777.2,34609.4,759.294701,2.331,30.696,31432.884,48.491402,5334052.8
City-temp,100001,Chimp128,full_decompression,1024,100,10,1974.9272,19749.272,19766.3,20773.3,21060.6,585.929398,2.967,50.635,51850.012,29.396803,5334052.8
City-temp,100001,DeXOR,full_decompression,1024,100,10,994.4435,9944.435,9939.7,10435.6,10573.7,313.701983,3.155,100.559,102972.165,14.802297,5334052.8
City-temp,100001,Elf,full_decompression,1024,100,10,1745.8068,17458.068,17480,18855.2,19407.9,819.622072,4.695,57.28,58654.829,25.986344,5334052.8
City-temp,100001,ElfPlus,full_decompression,1024,100,10,1610.3401,16103.401,16029,16933.6,17655.5,565.625271,3.512,62.099,63589.052,23.969922,5334052.8
City-temp,100001,Gorilla,full_decompression,1024,100,10,3346.1445,33461.445,33620.6,34657.1,35020.1,977.276844,2.921,29.885,30602.384,49.807381,5334052.8
City-temp,100001,Raw,raw_direct,1024,100,10,0.2091,2.091,1.8,3.8,4.8,0.794367,37.99,478240.077,489717838.4,0.003112,5334052.8
City-temp,100001,SALT+,indexed_partial_decompression,1024,100,10,67.1817,671.817,572.1,1029,1087,329.675386,49.072,1488.501,1524224.603,1,5334052.8
City-temp,100001,SALTE,full_decompression,1024,100,10,1742.5072,17425.072,17453.3,18766.2,19106.8,733.536055,4.21,57.389,58765.898,25.93723,5334052.8
City-temp,100001,ALP,full_decompression,2048,100,10,6887.8986,68878.986,76720,87657.6,90465.2,20975.61544,30.453,14.518,29733.306,55.146379,10874800.7
City-temp,100001,Camel,full_decompression,2048,100,10,925.5773,9255.773,9208.9,10049.4,10738.1,663.159981,7.165,108.041,221267.311,7.410422,10874800.7
City-temp,100001,Chimp,full_decompression,2048,100,10,3312.8299,33128.299,32518.4,34929.7,48413.6,2920.301408,8.815,30.186,61820.258,26.523412,10874800.7
City-temp,100001,Chimp128,full_decompression,2048,100,10,1986.0932,19860.932,19874.5,20891.4,21036,627.702238,3.16,50.35,103117.014,15.901199,10874800.7
City-temp,100001,DeXOR,full_decompression,2048,100,10,996.2507,9962.507,9914.6,10807,11826.6,500.482694,5.024,100.376,205570.746,7.976253,10874800.7
City-temp,100001,Elf,full_decompression,2048,100,10,1752.8286,17528.286,17487.2,18770.1,19453.7,874.847209,4.991,57.051,116839.718,14.03362,10874800.7
City-temp,100001,ElfPlus,full_decompression,2048,100,10,1604.4172,16044.172,16005.3,16849.3,16931.4,433.493871,2.702,62.328,127647.597,12.845398,10874800.7
City-temp,100001,Gorilla,full_decompression,2048,100,10,3383.5019,33835.019,33669.9,35595.1,37520.8,2790.2399,8.247,29.555,60529.004,27.089231,10874800.7
City-temp,100001,Raw,raw_direct,2048,100,10,0.4186,4.186,3.3,7.4,12.5,2.401709,57.375,238891.543,489249880.6,0.003351,10874800.7
City-temp,100001,SALT+,indexed_partial_decompression,2048,100,10,124.9021,1249.021,1096.2,1890.4,2193,528.520026,42.315,800.627,1639684.201,1,10874800.7
City-temp,100001,SALTE,full_decompression,2048,100,10,1760.1597,17601.597,17558.1,19175.9,20228.7,941.647046,5.35,56.813,116353.079,14.092315,10874800.7
City-temp,100001,ALP,full_decompression,4096,100,10,6846.2242,68462.242,76263.5,88591,96639.9,20756.52151,30.318,14.607,59828.599,29.784503,21866632.4
City-temp,100001,Camel,full_decompression,4096,100,10,922.1078,9221.078,9293.9,9769.8,9880.7,423.191581,4.589,108.447,444199.691,4.011631,21866632.4
City-temp,100001,Chimp,full_decompression,4096,100,10,3279.249,32792.49,32578.6,33991.9,37380.9,2040.76158,6.223,30.495,124906.648,14.266375,21866632.4
City-temp,100001,Chimp128,full_decompression,4096,100,10,1986.6001,19866.001,19833.4,20783.2,21366.2,579.341634,2.916,50.337,206181.405,8.642705,21866632.4
City-temp,100001,DeXOR,full_decompression,4096,100,10,1004.1855,10041.855,9977.9,10489.5,10806.3,859.465917,8.559,99.583,407892.765,4.36871,21866632.4
City-temp,100001,Elf,full_decompression,4096,100,10,1743.4493,17434.493,17415.4,18472.1,19065,1088.38669,6.243,57.358,234936.571,7.584877,21866632.4
City-temp,100001,ElfPlus,full_decompression,4096,100,10,1616.2851,16162.851,16043.8,16921.6,18032.8,1153.408166,7.136,61.87,253420.637,7.031649,21866632.4
City-temp,100001,Gorilla,full_decompression,4096,100,10,3363.2865,33632.865,33533.6,35343.8,36532.6,1199.648897,3.567,29.733,121785.64,14.63198,21866632.4
City-temp,100001,Raw,raw_direct,4096,100,10,0.7375,7.375,6.6,12,13.3,2.170685,29.433,135593.22,555389830.5,0.003208,21866632.4
City-temp,100001,SALT+,indexed_partial_decompression,4096,100,10,229.8586,2298.586,2039.6,3619,3701.8,690.388913,30.035,435.05,1781965.086,1,21866632.4
City-temp,100001,SALTE,full_decompression,4096,100,10,1763.8093,17638.093,17541.9,19086.3,19946,913.611188,5.18,56.695,232224.651,7.673454,21866632.4
