Dataset,total,comp_bits_max_le_100,comp_bits_min,comp_speed_max_MBps,comp_time,comp_bits,comp_speed_avg_MBps,comp_speed_min_MBps,decomp_speed,decomp_speed_min,decomp_speed_max
Basel-temp_p1,100000.00,22.00,2.00,73.36,52.67,11.07,14.49,0.98,62.16,5.19,190.48
Basel-temp_p10,100000.00,49.00,2.00,59.14,71.92,29.25,10.61,1.82,40.65,2.83,216.22
Basel-temp_p11,100000.00,49.00,2.00,51.55,82.06,29.25,9.30,0.88,37.23,2.75,228.57
Basel-temp_p12,100000.00,49.00,2.00,51.55,87.21,29.25,8.75,1.63,32.03,1.05,181.82
Basel-temp_p13,100000.00,49.00,2.00,54.89,76.16,29.25,10.02,1.89,39.02,2.43,186.05
Basel-temp_p14,100000.00,49.00,2.00,55.69,73.94,29.25,10.32,1.39,37.53,2.01,173.91
Basel-temp_p2,100000.00,26.00,2.00,72.66,37.26,14.21,20.48,1.52,63.28,5.94,228.57
Basel-temp_p3,100000.00,26.00,2.00,69.99,46.40,16.81,16.44,2.24,57.56,2.47,200.00
Basel-temp_p4,100000.00,29.00,2.00,60.07,55.24,20.18,13.81,1.61,53.35,4.98,266.67
Basel-temp_p5,100000.00,32.00,2.00,62.54,53.87,23.28,14.16,1.60,45.53,4.81,228.57
Basel-temp_p6,100000.00,39.00,2.00,62.03,63.58,27.46,12.00,1.92,38.99,4.26,173.91
Basel-temp_p7,100000.00,42.00,2.00,53.35,76.95,28.96,9.91,0.62,36.77,2.33,181.82
Basel-temp_p8,100000.00,42.00,2.00,52.62,76.39,29.21,9.99,1.75,32.66,3.24,170.21
Basel-temp_p9,100000.00,46.00,2.00,52.26,81.14,29.25,9.40,1.90,39.22,3.05,173.91
Basel-wind_p1,99999.00,22.00,2.00,72.66,36.29,12.18,21.03,0.98,62.71,3.65,210.53
Basel-wind_p10,99999.00,46.00,2.00,39.74,76.41,30.67,9.98,1.88,38.18,2.75,195.12
Basel-wind_p11,99999.00,46.00,2.00,39.74,89.46,30.67,8.53,0.09,38.98,5.07,190.48
Basel-wind_p12,99999.00,46.00,2.00,36.33,97.08,30.67,7.86,0.58,36.82,3.74,190.48
Basel-wind_p13,99999.00,46.00,2.00,38.53,86.39,30.67,8.83,1.37,36.82,3.25,200.00
Basel-wind_p14,99999.00,46.00,2.00,39.53,84.49,30.67,9.03,1.30,38.58,4.52,160.00
Basel-wind_p2,99999.00,26.00,2.00,66.34,44.27,15.63,17.23,2.34,57.08,2.73,216.22
Basel-wind_p3,99999.00,29.00,2.00,63.58,51.28,19.31,14.88,1.38,53.16,3.08,195.12
Basel-wind_p4,99999.00,32.00,2.00,52.98,58.69,22.27,13.00,1.73,48.33,3.99,190.48
Basel-wind_p5,99999.00,36.00,2.00,42.62,70.29,25.03,10.85,1.44,43.27,4.04,228.57
Basel-wind_p6,99999.00,39.00,2.00,43.60,71.11,28.54,10.73,0.98,37.58,3.66,170.21
Basel-wind_p7,99999.00,42.00,2.00,38.53,81.50,30.54,9.36,2.06,39.65,4.15,210.53
Basel-wind_p8,99999.00,46.00,2.00,35.99,91.68,30.67,8.32,1.57,36.20,3.25,181.82
Basel-wind_p9,99999.00,46.00,2.00,40.80,82.06,30.67,9.30,1.59,35.80,1.91,166.67
