Dataset,total,comp_bits_max_le_100,comp_bits_min,comp_speed_max_MBps,comp_time,comp_bits,comp_speed_avg_MBps,comp_speed_min_MBps
Air-pressure_first_100pct,2.00,64.00,64.00,0.00,0.01,32.00,1.06,0.00
Air-pressure_first_20pct,2.00,64.00,64.00,0.00,0.00,32.00,8.48,0.00
Air-pressure_first_40pct,2.00,64.00,64.00,0.00,0.00,32.00,6.10,0.00
Air-pressure_first_60pct,2.00,64.00,64.00,0.00,0.00,32.00,8.03,0.00
Air-pressure_first_80pct,2.00,64.00,64.00,0.00,0.00,32.00,7.63,0.00
Basel-wind_first_100pct,2.00,64.00,64.00,0.00,0.00,32.00,8.03,0.00
Basel-wind_first_20pct,2.00,64.00,64.00,0.00,0.00,32.00,6.63,0.00
Basel-wind_first_40pct,2.00,64.00,64.00,0.00,0.00,32.00,5.65,0.00
Basel-wind_first_60pct,2.00,64.00,64.00,0.00,0.00,32.00,6.36,0.00
Basel-wind_first_80pct,2.00,64.00,64.00,0.00,0.00,32.00,6.94,0.00
Bird-migration_first_100pct,2.00,64.00,64.00,0.00,0.00,32.00,6.94,0.00
Bird-migration_first_20pct,2.00,64.00,64.00,0.00,0.00,32.00,6.36,0.00
Bird-migration_first_40pct,2.00,64.00,64.00,0.00,0.00,32.00,6.94,0.00
Bird-migration_first_60pct,2.00,64.00,64.00,0.00,0.00,32.00,8.03,0.00
Bird-migration_first_80pct,2.00,64.00,64.00,0.00,0.00,32.00,6.94,0.00
Bitcoin-price_first_100pct,7115.00,64.00,9.00,35.32,7.06,34.40,7.69,1.70
Bitcoin-price_first_20pct,1423.00,64.00,12.00,15.99,1.84,34.14,5.91,2.19,32.73,14.71,102.56
Bitcoin-price_first_40pct,2846.00,64.00,9.00,13.02,5.22,34.29,4.16,0.66
Bitcoin-price_first_60pct,4269.00,64.00,9.00,46.81,3.49,34.35,9.34,2.72
Bitcoin-price_first_80pct,5692.00,64.00,9.00,43.60,5.65,34.31,7.69,1.83
Blockchain-tr_first_100pct,99998.00,64.00,8.00,76.29,67.04,19.97,11.38,0.13,56.22,5.24,235.29
Blockchain-tr_first_20pct,19999.00,64.00,8.00,74.07,9.95,20.24,15.33,2.60,54.36,12.38,210.53
Blockchain-tr_first_40pct,39999.00,64.00,8.00,76.29,24.56,20.09,12.42,0.28,48.71,3.78,250.00
Blockchain-tr_first_60pct,59998.00,64.00,8.00,76.29,30.28,19.98,15.12,2.05,52.46,5.76,250.00
Blockchain-tr_first_80pct,79998.00,64.00,8.00,76.29,41.93,19.99,14.56,1.55,51.36,5.63,250.00
CA_first_100pct,43823.00,64.00,8.00,56.94,34.67,29.47,9.64,1.30,40.65,6.69,177.78
CA_first_20pct,8764.00,64.00,8.00,56.51,6.35,29.47,10.53,2.16,40.44,14.55,189.63
CA_first_40pct,17529.00,64.00,8.00,59.60,12.61,29.47,10.60,2.41,33.07,5.38,170.21
CA_first_60pct,26293.00,64.00,8.00,56.10,22.25,29.47,9.01,0.35,40.60,6.17,190.48
CA_first_80pct,35058.00,64.00,8.00,59.60,24.84,29.47,10.77,2.24,39.21,4.43,177.78
City-lat_first_100pct,41000.00,64.00,8.00,59.14,44.23,31.94,7.07,0.07
City-lat_first_20pct,8200.00,64.00,8.00,54.11,6.67,32.40,9.38,1.57
City-lat_first_40pct,16400.00,64.00,8.00,55.69,14.80,32.63,8.45,2.30
City-lat_first_60pct,24600.00,64.00,8.00,54.89,19.34,32.62,9.70,2.45
City-lat_first_80pct,32800.00,64.00,8.00,56.51,25.83,32.28,9.69,2.21
City-lon_first_100pct,41000.00,64.00,8.00,56.94,34.40,34.41,9.09,1.54,33.66,4.04,173.91
City-lon_first_20pct,8200.00,64.00,8.00,52.26,6.83,34.29,9.16,1.75,36.48,9.01,173.91
City-lon_first_40pct,16400.00,64.00,8.00,53.73,13.21,34.43,9.47,2.04,34.74,10.14,170.21
City-lon_first_60pct,24600.00,64.00,8.00,60.07,19.15,34.54,9.80,1.47,37.19,9.27,181.82
City-lon_first_80pct,32800.00,64.00,8.00,54.11,27.54,34.50,9.08,2.48,30.69,3.97,153.85
Dew-point-temp_first_100pct,100000.00,64.00,8.00,71.98,37.57,12.09,20.31,1.65,63.52,4.68,210.53
Dew-point-temp_first_20pct,20000.00,64.00,8.00,69.99,8.58,12.26,17.79,2.15,61.98,7.84,190.48
Dew-point-temp_first_40pct,40000.00,64.00,8.00,70.64,15.11,12.31,20.20,2.31,65.01,8.76,200.00
Dew-point-temp_first_60pct,60000.00,64.00,8.00,71.30,21.74,12.21,21.06,2.44,62.52,6.15,205.13
Dew-point-temp_first_80pct,80000.00,64.00,8.00,74.80,26.78,12.15,22.79,1.78,66.39,3.47,216.22
electric_vehicle_charging_first_100pct,3394.00,64.00,8.00,71.30,1.26,13.85,20.52,3.07,58.39,12.72,148.15
electric_vehicle_charging_first_20pct,678.00,64.00,8.00,69.36,0.31,15.23,16.81,3.28,48.86,12.48,135.65
electric_vehicle_charging_first_40pct,1357.00,64.00,8.00,69.36,0.61,14.58,17.00,2.85,53.32,11.99,137.93
electric_vehicle_charging_first_60pct,2036.00,64.00,8.00,68.73,0.90,14.47,17.17,2.73,57.62,12.97,142.86
electric_vehicle_charging_first_80pct,2715.00,64.00,8.00,68.73,1.04,14.10,19.95,3.04,56.64,12.58,153.85
exchange_first_100pct,2.00,64.00,64.00,0.00,0.00,32.00,25.43,0.00
exchange_first_20pct,2.00,64.00,64.00,0.00,0.00,32.00,38.15,0.00
exchange_first_40pct,2.00,64.00,64.00,0.00,0.00,32.00,25.43,0.00
exchange_first_60pct,2.00,64.00,64.00,0.00,0.00,32.00,30.52,0.00
exchange_first_80pct,2.00,64.00,64.00,0.00,0.00,32.00,30.52,0.00
Food-price_first_100pct,100000.00,64.00,8.00,76.29,39.53,14.28,19.30,2.29
Food-price_first_20pct,20000.00,64.00,8.00,74.80,7.67,13.35,19.91,2.57
Food-price_first_40pct,40000.00,64.00,8.00,75.54,17.61,16.12,17.33,1.57
Food-price_first_60pct,60000.00,64.00,8.00,74.07,25.33,15.31,18.07,2.36
Food-price_first_80pct,80000.00,64.00,8.00,76.29,32.41,14.72,18.83,1.80
hrl_load_metered_first_100pct,43895.00,64.00,8.00,54.89,39.91,33.09,8.39,1.20,34.30,4.54,190.48
hrl_load_metered_first_20pct,8779.00,64.00,8.00,53.73,7.14,33.10,9.38,2.73,30.05,2.47,166.67
hrl_load_metered_first_40pct,17558.00,64.00,8.00,54.50,14.98,33.11,8.94,2.22,35.73,10.46,181.82
hrl_load_metered_first_60pct,26337.00,64.00,8.00,51.55,28.03,33.11,7.17,0.75,34.55,6.68,195.12
hrl_load_metered_first_80pct,35116.00,64.00,8.00,55.29,28.67,33.09,9.34,2.60,36.54,6.03,173.91
IR-bio-temp_first_100pct,99601.00,64.00,8.00,76.29,34.26,11.60,22.18,1.52,71.20,3.32,222.22
IR-bio-temp_first_20pct,19920.00,64.00,8.00,76.29,6.49,11.57,23.41,3.00,74.60,14.18,200.00
IR-bio-temp_first_40pct,39840.00,64.00,8.00,76.29,14.01,11.60,21.69,2.09,63.49,5.28,235.29
IR-bio-temp_first_60pct,59760.00,64.00,8.00,76.29,19.16,11.60,23.80,2.65,66.23,5.40,250.00
IR-bio-temp_first_80pct,79680.00,64.00,8.00,76.29,27.45,11.61,22.15,2.07,64.12,4.08,275.86
KPI_18fb_first_100pct,129127.00,64.00,8.00,75.54,54.94,10.63,17.93,1.08,73.29,3.80,228.57
KPI_18fb_first_20pct,25825.00,64.00,8.00,75.54,8.36,10.75,23.58,2.64,64.84,5.75,228.57
KPI_18fb_first_40pct,51650.00,64.00,8.00,75.54,16.36,10.75,24.09,2.60,72.38,6.20,216.22
KPI_18fb_first_60pct,77476.00,64.00,8.00,76.29,23.40,10.71,25.26,0.50,77.56,6.43,228.57
KPI_18fb_first_80pct,103301.00,64.00,8.00,76.29,32.84,10.66,24.00,2.51,79.07,6.14,266.67
PM10-dust_first_100pct,93661.00,64.00,8.00,76.29,31.56,10.31,22.64,1.47,85.16,10.42,320.00
PM10-dust_first_20pct,18732.00,64.00,8.00,75.54,6.25,10.41,22.85,2.41,82.47,9.73,320.00
PM10-dust_first_40pct,37464.00,64.00,8.00,76.29,11.58,10.48,24.68,2.50,75.49,3.33,285.71
PM10-dust_first_60pct,56196.00,64.00,8.00,76.29,17.73,10.33,24.18,2.41,81.45,10.35,320.00
PM10-dust_first_80pct,74928.00,64.00,8.00,76.29,22.02,10.15,25.96,2.50,75.22,5.48,333.33
SSD-bench_first_100pct,8926.00,64.00,8.00,72.66,3.96,20.01,17.18,3.45,48.26,11.35,210.53
SSD-bench_first_20pct,1785.00,64.00,8.00,64.66,1.06,21.45,12.83,2.80,34.66,5.87,163.27
SSD-bench_first_40pct,3570.00,64.00,8.00,69.36,1.97,21.43,13.86,2.98,47.01,10.32,195.12
SSD-bench_first_60pct,5355.00,64.00,8.00,66.34,3.10,21.14,13.16,2.49,55.26,15.81,181.82
SSD-bench_first_80pct,7140.00,64.00,8.00,68.12,4.84,20.65,11.26,2.10,55.90,15.24,216.22
Stocks-DE_first_100pct,100001.00,64.00,8.00,73.36,45.73,13.58,16.68,1.13,70.37,4.05,285.71
Stocks-DE_first_20pct,20000.00,64.00,8.00,72.66,7.51,13.50,20.31,2.62,74.07,13.56,258.06
Stocks-DE_first_40pct,40000.00,64.00,8.00,74.80,16.68,13.07,18.30,0.82,66.88,3.84,250.00
Stocks-DE_first_60pct,60000.00,64.00,8.00,76.29,21.27,13.27,21.52,2.51,63.94,5.66,235.29
Stocks-DE_first_80pct,80000.00,64.00,8.00,76.29,29.74,13.41,20.52,2.23,69.43,5.51,258.06
Stocks-USA_first_100pct,100001.00,64.00,8.00,74.80,34.08,11.45,22.39,1.43,73.00,4.93,333.33
Stocks-USA_first_20pct,20000.00,64.00,8.00,71.98,7.04,11.40,21.69,1.80,79.34,15.18,242.42
Stocks-USA_first_40pct,40000.00,64.00,8.00,73.36,13.56,11.44,22.51,2.02,77.73,6.35,347.83
Stocks-USA_first_60pct,60000.00,64.00,8.00,76.29,18.00,11.43,25.43,2.88,71.82,12.82,266.67
Stocks-USA_first_80pct,80000.00,64.00,8.00,76.29,24.71,11.44,24.70,2.45,67.19,11.03,266.67
waveform_float_first_100pct,2.00,64.00,64.00,0.00,0.00,32.00,25.43,0.00
waveform_float_first_20pct,2.00,64.00,64.00,0.00,0.00,32.00,25.43,0.00
waveform_float_first_40pct,2.00,64.00,64.00,0.00,0.00,32.00,30.52,0.00
waveform_float_first_60pct,2.00,64.00,64.00,0.00,0.00,32.00,30.52,0.00
waveform_float_first_80pct,2.00,64.00,64.00,0.00,0.00,32.00,30.52,0.00
Basel-temp_first_100pct,2.00,64.00,64.00,0.00,0.00,32.00,25.43,0.00
Basel-temp_first_20pct,2.00,64.00,64.00,0.00,0.00,32.00,25.43,0.00
Basel-temp_first_40pct,2.00,64.00,64.00,0.00,0.00,32.00,25.43,0.00
Basel-temp_first_60pct,2.00,64.00,64.00,0.00,0.00,32.00,19.07,0.00
Basel-temp_first_80pct,2.00,64.00,64.00,0.00,0.00,32.00,19.07,0.00
City-temp_first_100pct,100000.00,64.00,8.00,76.29,31.24,11.47,24.42,2.46,71.85,4.08,347.83
City-temp_first_20pct,20000.00,64.00,8.00,76.29,8.06,11.24,18.93,1.28,81.60,15.53,380.95
City-temp_first_40pct,40000.00,64.00,8.00,76.29,16.92,11.61,18.04,1.46,72.13,6.84,307.69
City-temp_first_60pct,60000.00,64.00,8.00,76.29,19.88,11.74,23.03,2.52,72.50,5.05,380.95
City-temp_first_80pct,80000.00,64.00,8.00,76.29,28.34,11.50,21.54,1.47,65.88,2.78,363.64
Stocks-UK_first_100pct,100001.00,64.00,8.00,76.29,33.22,10.18,22.97,1.51,77.66,5.62,275.86
Stocks-UK_first_20pct,20000.00,64.00,8.00,73.36,6.47,10.00,23.59,2.72,76.11,10.30,242.42
Stocks-UK_first_40pct,40000.00,64.00,8.00,73.36,14.16,9.57,21.55,2.05,41.08,0.36,235.29
Stocks-UK_first_60pct,60000.00,64.00,8.00,76.29,18.90,10.15,24.22,2.38,76.44,4.88,266.67
Stocks-UK_first_80pct,80000.00,64.00,8.00,76.29,28.96,10.02,21.08,0.38,82.29,7.05,275.86
Wind-Speed_first_100pct,99131.00,64.00,8.00,76.29,31.22,10.85,24.22,1.10,71.73,4.05,258.06
Wind-Speed_first_20pct,19826.00,64.00,8.00,76.29,6.23,10.41,24.26,2.52,74.70,4.12,235.29
Wind-Speed_first_40pct,39652.00,64.00,8.00,76.29,12.63,10.72,23.95,2.71,82.95,14.01,235.29
Wind-Speed_first_60pct,59478.00,64.00,8.00,76.29,18.04,10.79,25.15,1.93,75.78,3.30,242.42
Wind-Speed_first_80pct,79304.00,64.00,8.00,76.29,23.90,10.80,25.32,2.48,73.87,5.95,258.06
