metric,value
input,C:\Users\Lenovo\Desktop\new project\compress baseline\SALT\datasets\Overall\Stocks-USA.csv
selection_model,encoder warm-up cost (codebook-independent)
window_bits,2
window_size,4
block_size,30000
files,1
values,100002
nonzero_symbols,65880
zero_deltas,34122
zero_rate,0.341213175736
invalid_rows,0
distinct_keys,115
entropy_bits,4.441661448758
effective_keys,21.730680506035
normalized_entropy,0.648844920627
top1_coverage,0.140452337583
top2_coverage,0.273664238009
top4_coverage,0.437052216151
top8_coverage,0.625986642380
top16_coverage,0.828703703704
top32_coverage,0.985124468731
top64_coverage,0.999043715847
top128_coverage,1.000000000000
top256_coverage,1.000000000000
previous_block_top16_hit_rate,0.859902283831
previous_block_top16_net_savings_bits_per_symbol,0.999340983979
previous_block_top32_hit_rate,0.990023860925
previous_block_top32_net_savings_bits_per_symbol,0.891648676287
adaptive_previous_block_evaluated_blocks,3
adaptive_previous_block_hit_rate,0.985456198159
adaptive_previous_block_net_savings_bits_per_symbol,1.861992955346
region_90_ulp_radius,1
region_90_exponent_radius,3
region_90_cells,42
region_90_actual_coverage,0.997237401336
region_95_ulp_radius,1
region_95_exponent_radius,3
region_95_cells,42
region_95_actual_coverage,0.997237401336
region_99_ulp_radius,1
region_99_exponent_radius,3
region_99_cells,42
region_99_actual_coverage,0.997237401336
