scope,dataset,k,covered,total,coverage,code_bits,estimated_net_savings_bits,estimated_savings_bits_per_symbol
global,ALL,1,9253,65880,0.140452337583,2,-67027,-1.01741044
global,ALL,2,18029,65880,0.273664238009,2,-5612,-0.08518519
global,ALL,4,28793,65880,0.437052216151,3,3822,0.05801457
global,ALL,8,41240,65880,0.625986642380,4,25003,0.37952338
global,ALL,16,54595,65880,0.828703703704,5,52472,0.79647845
global,ALL,32,64900,65880,0.985124468731,6,58455,0.88729508
global,ALL,64,65817,65880,0.999043715847,7,-362,-0.00549484
global,ALL,128,65880,65880,1.000000000000,8,-66074,-1.00294475
global,ALL,256,65880,65880,1.000000000000,9,-131954,-2.00294475
dataset,Stocks-USA,1,9253,65880,0.140452337583,2,-67027,-1.01741044
dataset,Stocks-USA,2,18029,65880,0.273664238009,2,-5612,-0.08518519
dataset,Stocks-USA,4,28793,65880,0.437052216151,3,3822,0.05801457
dataset,Stocks-USA,8,41240,65880,0.625986642380,4,25003,0.37952338
dataset,Stocks-USA,16,54595,65880,0.828703703704,5,52472,0.79647845
dataset,Stocks-USA,32,64900,65880,0.985124468731,6,58455,0.88729508
dataset,Stocks-USA,64,65817,65880,0.999043715847,7,-362,-0.00549484
dataset,Stocks-USA,128,65880,65880,1.000000000000,8,-66074,-1.00294475
dataset,Stocks-USA,256,65880,65880,1.000000000000,9,-131954,-2.00294475
